File,Gene_Name,Transcript_ID,Global_Frequency,Present_in_Transcripts,Mini_Shared_Length,Sum or Fitted A (Abundance) for Normalized Count,Sum or Fitted A (Abundance) for Count,Fixed Mean (xc),Fixed Standard Deviation (w),Report
CASP1_ENST00000695719_kmers_merged_normalized.csv,CASP1,ENST00000695719,4,CASP1_ENST00000528424-CASP1_ENST00000525825-CASP1_ENST00000527979-CASP1_ENST00000695719,46,1.56,177.19,60.83,2.86,OK
CLTC_ENST00000579456_kmers_merged_normalized.csv,CLTC,ENST00000579456,1,CLTC_ENST00000579456,41,0.00,0.00,34.63,8.48,OK
ABCC2_ENST00000648324_kmers_merged_normalized.csv,ABCC2,ENST00000648324,1,ABCC2_ENST00000648324,77,1.73,330.32,52.53,3.07,OK
PTPN22_ENST00000460620_kmers_merged_normalized.csv,PTPN22,ENST00000460620,1,PTPN22_ENST00000460620,48,0.10,12.00,N/A,N/A,Fit Failed - Optimal parameters not found: Number of calls to function has reached maxfev = 1000.
LINC02210-CRHR1_ENST00000587305_kmers_merged_normalized.csv,CRHR1,ENST00000587305,2,LINC02210-CRHR1_ENST00000587305-LINC02210-CRHR1_ENST00000632599,121,0.00,0.51,54.99,5.52,OK
COL4A5_ENST00000477429_kmers_merged_normalized.csv,COL4A5,ENST00000477429,1,COL4A5_ENST00000477429,201,0.30,148.92,38.95,3.25,OK
DDX5_ENST00000678810_kmers_merged_normalized.csv,DDX5,ENST00000678810,5,DDX5_ENST00000585317-DDX5_ENST00000579461-DDX5_ENST00000579996-DDX5_ENST00000582326-DDX5_ENST00000678810,135,10.58,3531.75,40.62,3.84,OK
CD46_ENST00000471987_kmers_merged_normalized.csv,CD46,ENST00000471987,2,CD46_ENST00000471987-CD46_ENST00000695787,379,2.42,2265.16,30.58,6.09,OK
REST_ENST00000640168_kmers_merged_normalized.csv,REST,ENST00000640168,1,REST_ENST00000640168,70,0.00,0.00,46.37,24.36,OK
IDE_ENST00000679089_kmers_merged_normalized.csv,IDE,ENST00000679089,1,IDE_ENST00000679089,48,0.00,0.00,N/A,N/A,Fit Failed - Optimal parameters not found: Number of calls to function has reached maxfev = 1000.
PSEN1_ENST00000553599_kmers_merged_normalized.csv,PSEN1,ENST00000553599,2,PSEN1_ENST00000553599-PSEN1_ENST00000700306,48,0.00,0.00,N/A,N/A,Fit Failed - Optimal parameters not found: Number of calls to function has reached maxfev = 1000.
PLA2G6_ENST00000454670_kmers_merged_normalized.csv,PLA2G6,ENST00000454670,1,PLA2G6_ENST00000454670,139,1.66,571.54,60.16,7.48,OK
PXN_ENST00000540221_kmers_merged_normalized.csv,PXN,ENST00000540221,1,PXN_ENST00000540221,245,0.67,403.17,58.16,3.75,OK
IL24_ENST00000367093_kmers_merged_normalized.csv,IL24,ENST00000367093,2,IL24_ENST00000391929-IL24_ENST00000367093,47,0.00,0.00,N/A,N/A,Fit Failed - Optimal parameters not found: Number of calls to function has reached maxfev = 1000.
ITGB2_ENST00000479202_kmers_merged_normalized.csv,ITGB2,ENST00000479202,1,ITGB2_ENST00000479202,236,0.00,0.00,71.70,3.55,OK
ZAP70_ENST00000708156_kmers_merged_normalized.csv,ZAP70,ENST00000708156,2,ZAP70_ENST00000463643-ZAP70_ENST00000708156,263,0.00,1.57,60.83,10.55,OK
HLA-G_ENST00000615789_kmers_merged_normalized.csv,G,ENST00000615789,3,HLA-G_ENST00000491141-HLA-G_ENST00000478108-HLA-G_ENST00000615789,3,0.00,0.00,N/A,N/A,Insufficient Data
ERCC5_ENST00000651470_kmers_merged_normalized.csv,ERCC5,ENST00000651470,1,ERCC5_ENST00000651470,49,0.00,0.00,53.18,2.57,OK
MS4A1_ENST00000528313_kmers_merged_normalized.csv,MS4A1,ENST00000528313,1,MS4A1_ENST00000528313,46,0.00,0.00,43.66,2.54,OK
DNM1L_ENST00000547312_kmers_merged_normalized.csv,DNM1L,ENST00000547312,9,DNM1L_ENST00000381000-DNM1L_ENST00000547312-DNM1L_ENST00000551076-DNM1L_ENST00000547719-DNM1L_ENST00000548750-DNM1L_ENST00000703368-DNM1L_ENST00000703370-DNM1L_ENST00000703369-DNM1L_ENST00000703363,43,2.93,311.81,59.46,5.62,OK
MUC4_ENST00000625407_kmers_merged_normalized.csv,MUC4,ENST00000625407,7,MUC4_ENST00000479406-MUC4_ENST00000625407-MUC4_ENST00000627476-MUC4_ENST00000628685-MUC4_ENST00000628289-MUC4_ENST00000625430-MUC4_ENST00000630966,47,0.00,0.00,51.07,5.01,OK
SNAP25_ENST00000693732_kmers_merged_normalized.csv,SNAP25,ENST00000693732,1,SNAP25_ENST00000693732,44,0.00,0.00,48.24,3.86,OK
PRMT5_ENST00000627278_kmers_merged_normalized.csv,PRMT5,ENST00000627278,2,PRMT5_ENST00000553787-PRMT5_ENST00000627278,19,0.00,0.00,N/A,N/A,Insufficient Data
SIRT2_ENST00000634637_kmers_merged_normalized.csv,SIRT2,ENST00000634637,2,SIRT2_ENST00000407552-SIRT2_ENST00000634637,48,0.21,25.00,N/A,N/A,Fit Failed - Optimal parameters not found: Number of calls to function has reached maxfev = 1000.
PLCG1_ENST00000607954_kmers_merged_normalized.csv,PLCG1,ENST00000607954,1,PLCG1_ENST00000607954,48,0.01,1.00,N/A,N/A,Fit Failed - Optimal parameters not found: Number of calls to function has reached maxfev = 1000.
EHMT2_ENST00000488695_kmers_merged_normalized.csv,EHMT2,ENST00000488695,7,EHMT2_ENST00000478077-EHMT2_ENST00000488695-EHMT2_ENST00000478205-EHMT2_ENST00000477385-EHMT2_ENST00000479426-EHMT2_ENST00000466693-EHMT2_ENST00000494816,1280,14.33,45361.09,50.01,22.14,OK
DDR1_ENST00000504152_kmers_merged_normalized.csv,DDR1,ENST00000504152,1,DDR1_ENST00000504152,235,1.66,963.48,61.17,3.24,OK
CSF3R_ENST00000373103_kmers_merged_normalized.csv,CSF3R,ENST00000373103,1,CSF3R_ENST00000373103,47,0.00,0.00,64.88,1.53,OK
KRT8_ENST00000546900_kmers_merged_normalized.csv,KRT8,ENST00000546900,1,KRT8_ENST00000546900,157,10.22,3970.00,N/A,N/A,Fit Failed - Optimal parameters not found: Number of calls to function has reached maxfev = 1000.
SFTPB_ENST00000491167_kmers_merged_normalized.csv,SFTPB,ENST00000491167,1,SFTPB_ENST00000491167,122,0.00,0.00,55.68,8.99,OK
IKZF1_ENST00000698574_kmers_merged_normalized.csv,IKZF1,ENST00000698574,1,IKZF1_ENST00000698574,49,0.80,97.05,36.16,2.38,OK
CTSB_ENST00000678598_kmers_merged_normalized.csv,CTSB,ENST00000678598,2,CTSB_ENST00000710758-CTSB_ENST00000678598,48,0.00,0.00,72.17,5.20,OK
ITGB2_ENST00000397857_kmers_merged_normalized.csv,ITGB2,ENST00000397857,1,ITGB2_ENST00000397857,83,256.28,52621.07,0.88,19.47,OK
ADAR_ENST00000680305_kmers_merged_normalized.csv,ADAR,ENST00000680305,1,ADAR_ENST00000680305,47,0.05,5.30,51.47,3.00,OK
PRLR_ENST00000618457_kmers_merged_normalized.csv,PRLR,ENST00000618457,1,PRLR_ENST00000618457,10,3.23,80.00,N/A,N/A,Insufficient Data
C4B_ENST00000468936_kmers_merged_normalized.csv,C4B,ENST00000468936,16,C4B_ENST00000473927-C4B_ENST00000468936-C4A_ENST00000480401-C4A_ENST00000473768-C4B_ENST00000478151-C4B_ENST00000480076-C4A_ENST00000459921-C4B_ENST00000480097-C4A_ENST00000477131-C4A_ENST00000463034-C4A_ENST00000470477-C4A_ENST00000488531-C4A_ENST00000465724-C4B_ENST00000468829-C4B_ENST00000496065-C4B_ENST00000497033,303,0.80,595.95,58.25,3.64,OK
SLC11A1_ENST00000465984_kmers_merged_normalized.csv,SLC11A1,ENST00000465984,1,SLC11A1_ENST00000465984,97,0.00,0.00,62.71,5.56,OK
OGT_ENST00000459760_kmers_merged_normalized.csv,OGT,ENST00000459760,1,OGT_ENST00000459760,23,0.00,0.00,50.68,3.09,OK
KCNQ2_ENST00000370224_kmers_merged_normalized.csv,KCNQ2,ENST00000370224,3,KCNQ2_ENST00000370224-KCNQ2_ENST00000625514-KCNQ2_ENST00000706989,154,0.00,0.00,62.22,4.73,OK
ATXN3_ENST00000553686_kmers_merged_normalized.csv,ATXN3,ENST00000553686,5,ATXN3_ENST00000393287-ATXN3_ENST00000553498-ATXN3_ENST00000553686-ATXN3_ENST00000556671-ATXN3_ENST00000553491,3,0.00,0.00,N/A,N/A,Insufficient Data
AKT2_ENST00000581582_kmers_merged_normalized.csv,AKT2,ENST00000581582,1,AKT2_ENST00000581582,388,2.25,2158.61,42.91,11.94,OK
RAB7A_ENST00000490093_kmers_merged_normalized.csv,RAB7A,ENST00000490093,1,RAB7A_ENST00000490093,49,0.00,0.00,46.30,2.58,OK
PLCE1_ENST00000685889_kmers_merged_normalized.csv,PLCE1,ENST00000685889,1,PLCE1_ENST00000685889,286,5.70,4035.00,N/A,N/A,Fit Failed - Optimal parameters not found: Number of calls to function has reached maxfev = 1000.
MAPK9_ENST00000343111_kmers_merged_normalized.csv,MAPK9,ENST00000343111,1,MAPK9_ENST00000343111,7,0.00,0.00,N/A,N/A,Insufficient Data
APP_ENST00000358918_kmers_merged_normalized.csv,APP,ENST00000358918,1,APP_ENST00000358918,47,2.64,307.00,N/A,N/A,Fit Failed - Optimal parameters not found: Number of calls to function has reached maxfev = 1000.
SNCA_ENST00000618500_kmers_merged_normalized.csv,SNCA,ENST00000618500,2,SNCA_ENST00000508895-SNCA_ENST00000618500,87,0.00,0.00,49.23,7.06,OK
STIM1_ENST00000300737_kmers_merged_normalized.csv,STIM1,ENST00000300737,2,STIM1_ENST00000300737-STIM1_ENST00000616714,1,0.40,1.00,N/A,N/A,Insufficient Data
SLC12A3_ENST00000566786_kmers_merged_normalized.csv,SLC12A3,ENST00000566786,2,SLC12A3_ENST00000438926-SLC12A3_ENST00000566786,76,0.00,0.00,64.95,1.63,OK
ARRB1_ENST00000531012_kmers_merged_normalized.csv,ARRB1,ENST00000531012,1,ARRB1_ENST00000531012,1487,2.16,7942.02,50.46,9.91,OK
CD1D_ENST00000368171_kmers_merged_normalized.csv,CD1D,ENST00000368171,1,CD1D_ENST00000368171,37,0.70,64.43,54.24,2.85,OK
MFN2_ENST00000412236_kmers_merged_normalized.csv,MFN2,ENST00000412236,3,MFN2_ENST00000412236-MFN2_ENST00000675530-MFN2_ENST00000674706,7,0.00,0.00,N/A,N/A,Insufficient Data
CD59_ENST00000533403_kmers_merged_normalized.csv,CD59,ENST00000533403,2,CD59_ENST00000643183-CD59_ENST00000533403,45,0.01,1.00,N/A,N/A,Fit Failed - Optimal parameters not found: Number of calls to function has reached maxfev = 1000.
LEF1_ENST00000510717_kmers_merged_normalized.csv,LEF1,ENST00000510717,1,LEF1_ENST00000510717,2,0.00,0.00,N/A,N/A,Insufficient Data
CAV1_ENST00000451122_kmers_merged_normalized.csv,CAV1,ENST00000451122,1,CAV1_ENST00000451122,486,0.00,0.00,63.11,8.74,OK
CD55_ENST00000635614_kmers_merged_normalized.csv,CD55,ENST00000635614,1,CD55_ENST00000635614,179,0.14,62.56,50.84,6.06,OK
SMARCB1_ENST00000642275_kmers_merged_normalized.csv,SMARCB1,ENST00000642275,1,SMARCB1_ENST00000642275,46,0.00,0.00,55.59,1.74,OK
NEDD4L_ENST00000456986_kmers_merged_normalized.csv,NEDD4L,ENST00000456986,1,NEDD4L_ENST00000456986,1,0.81,2.00,N/A,N/A,Insufficient Data
FGFR4_ENST00000507708_kmers_merged_normalized.csv,FGFR4,ENST00000507708,1,FGFR4_ENST00000507708,103,1.44,365.77,66.97,3.67,OK
MALT1_ENST00000648670_kmers_merged_normalized.csv,MALT1,ENST00000648670,1,MALT1_ENST00000648670,47,0.00,0.00,48.73,2.58,OK
C4A_ENST00000492958_kmers_merged_normalized.csv,C4A,ENST00000492958,8,C4A_ENST00000492958-C4B_ENST00000478388-C4A_ENST00000471624-C4B_ENST00000464996-C4A_ENST00000478025-C4A_ENST00000490545-C4B_ENST00000485815-C4B_ENST00000496668,190,0.10,49.17,62.46,5.66,OK
CUL3_ENST00000264414_kmers_merged_normalized.csv,CUL3,ENST00000264414,1,CUL3_ENST00000264414,48,22.24,2641.00,N/A,N/A,Fit Failed - Optimal parameters not found: Number of calls to function has reached maxfev = 1000.
ABCC8_ENST00000682110_kmers_merged_normalized.csv,ABCC8,ENST00000682110,35,ABCC8_ENST00000302539-ABCC8_ENST00000644675-ABCC8_ENST00000646003-ABCC8_ENST00000647013-ABCC8_ENST00000644447-ABCC8_ENST00000642579-ABCC8_ENST00000643260-ABCC8_ENST00000644542-ABCC8_ENST00000645884-ABCC8_ENST00000644757-ABCC8_ENST00000647086-ABCC8_ENST00000647158-ABCC8_ENST00000531911-ABCC8_ENST00000646276-ABCC8_ENST00000645744-ABCC8_ENST00000646592-ABCC8_ENST00000642611-ABCC8_ENST00000647015-ABCC8_ENST00000643925-ABCC8_ENST00000646207-ABCC8_ENST00000684332-ABCC8_ENST00000684371-ABCC8_ENST00000682110-ABCC8_ENST00000684157-ABCC8_ENST00000682442-ABCC8_ENST00000683365-ABCC8_ENST00000684555-ABCC8_ENST00000684288-ABCC8_ENST00000683522-ABCC8_ENST00000682051-ABCC8_ENST00000683456-ABCC8_ENST00000683377-ABCC8_ENST00000684010-ABCC8_ENST00000684442-ABCC8_ENST00000682288,46,0.00,0.00,57.49,3.12,OK
IL4R_ENST00000563787_kmers_merged_normalized.csv,IL4R,ENST00000563787,1,IL4R_ENST00000563787,170,6.25,2627.10,70.72,12.12,OK
HP_ENST00000562526_kmers_merged_normalized.csv,HP,ENST00000562526,1,HP_ENST00000562526,45,0.00,0.00,N/A,N/A,Fit Failed - Optimal parameters not found: Number of calls to function has reached maxfev = 1000.
ZEB2_ENST00000630572_kmers_merged_normalized.csv,ZEB2,ENST00000630572,1,ZEB2_ENST00000630572,67,0.00,0.00,59.44,3.32,OK
ERCC2_ENST00000684407_kmers_merged_normalized.csv,ERCC2,ENST00000684407,2,ERCC2_ENST00000682508-ERCC2_ENST00000684407,28,0.00,0.00,N/A,N/A,Fit Failed - Optimal parameters not found: Number of calls to function has reached maxfev = 1000.
HLA-DPB1_ENST00000447674_kmers_merged_normalized.csv,DPB1,ENST00000447674,7,HLA-DPB1_ENST00000416804-HLA-DPB1_ENST00000432661-HLA-DPB1_ENST00000411722-HLA-DPB1_ENST00000455122-HLA-DPB1_ENST00000458614-HLA-DPB1_ENST00000445925-HLA-DPB1_ENST00000447674,50,0.00,0.00,49.07,4.07,OK
SLC30A8_ENST00000524274_kmers_merged_normalized.csv,SLC30A8,ENST00000524274,1,SLC30A8_ENST00000524274,79,0.00,0.00,42.89,4.62,OK
CD46_ENST00000695786_kmers_merged_normalized.csv,CD46,ENST00000695786,2,CD46_ENST00000695786-CD46_ENST00000695783,5,0.00,0.00,N/A,N/A,Insufficient Data
HLA-A_ENST00000454091_kmers_merged_normalized.csv,A,ENST00000454091,2,HLA-A_ENST00000456012-HLA-A_ENST00000454091,71,0.00,0.00,54.06,14.32,OK
PARP1_ENST00000463968_kmers_merged_normalized.csv,PARP1,ENST00000463968,4,PARP1_ENST00000498787-PARP1_ENST00000463968-PARP1_ENST00000677815-PARP1_ENST00000679276,247,0.36,221.00,46.98,3.47,OK
WT1_ENST00000526685_kmers_merged_normalized.csv,WT1,ENST00000526685,1,WT1_ENST00000526685,264,0.00,0.00,44.39,6.79,OK
CD55_ENST00000645323_kmers_merged_normalized.csv,CD55,ENST00000645323,1,CD55_ENST00000645323,159,10.52,4138.00,N/A,N/A,Fit Failed - Optimal parameters not found: Number of calls to function has reached maxfev = 1000.
ITGB2_ENST00000523323_kmers_merged_normalized.csv,ITGB2,ENST00000523323,1,ITGB2_ENST00000523323,47,0.00,0.00,N/A,N/A,Insufficient Data
BID_ENST00000342111_kmers_merged_normalized.csv,BID,ENST00000342111,1,BID_ENST00000342111,46,0.40,46.00,N/A,N/A,Fit Failed - Optimal parameters not found: Number of calls to function has reached maxfev = 1000.
ITCH_ENST00000670516_kmers_merged_normalized.csv,ITCH,ENST00000670516,1,ITCH_ENST00000670516,163,1.29,521.41,56.09,9.45,OK
KCNQ2_ENST00000627221_kmers_merged_normalized.csv,KCNQ2,ENST00000627221,2,KCNQ2_ENST00000344462-KCNQ2_ENST00000627221,44,0.00,0.00,60.56,4.42,OK
ATG16L1_ENST00000630093_kmers_merged_normalized.csv,ATG16L1,ENST00000630093,2,ATG16L1_ENST00000472242-ATG16L1_ENST00000630093,661,1.19,1939.86,39.41,9.84,OK
FOLH1_ENST00000529646_kmers_merged_normalized.csv,FOLH1,ENST00000529646,1,FOLH1_ENST00000529646,38,0.00,0.00,N/A,N/A,Fit Failed - Optimal parameters not found: Number of calls to function has reached maxfev = 1000.
LMNA_ENST00000498722_kmers_merged_normalized.csv,LMNA,ENST00000498722,1,LMNA_ENST00000498722,126,3.22,1004.60,57.81,4.80,OK
TCF4_ENST00000635990_kmers_merged_normalized.csv,TCF4,ENST00000635990,1,TCF4_ENST00000635990,47,0.00,0.00,35.77,18.60,OK
SHBG_ENST00000624152_kmers_merged_normalized.csv,SHBG,ENST00000624152,1,SHBG_ENST00000624152,115,0.00,0.00,51.26,2.48,OK
GC_ENST00000504199_kmers_merged_normalized.csv,GC,ENST00000504199,1,GC_ENST00000504199,115,0.00,0.00,47.27,6.91,OK
MSH6_ENST00000700003_kmers_merged_normalized.csv,MSH6,ENST00000700003,1,MSH6_ENST00000700003,47,0.00,0.00,46.86,2.21,OK
IQGAP1_ENST00000561086_kmers_merged_normalized.csv,IQGAP1,ENST00000561086,1,IQGAP1_ENST00000561086,518,1.43,1837.58,43.75,8.53,OK
GHRL_ENST00000430179_kmers_merged_normalized.csv,GHRL,ENST00000430179,2,GHRL_ENST00000430179-GHRL_ENST00000457360,44,0.00,0.00,71.02,2.86,OK
UBE2I_ENST00000397514_kmers_merged_normalized.csv,UBE2I,ENST00000397514,3,UBE2I_ENST00000397514-UBE2I_ENST00000473256-UBE2I_ENST00000568209,31,29.69,2276.73,70.44,2.14,OK
PTPN6_ENST00000536013_kmers_merged_normalized.csv,PTPN6,ENST00000536013,2,PTPN6_ENST00000542848-PTPN6_ENST00000536013,42,0.00,0.00,N/A,N/A,Insufficient Data
ATXN3_ENST00000556274_kmers_merged_normalized.csv,ATXN3,ENST00000556274,3,ATXN3_ENST00000556898-ATXN3_ENST00000556274-ATXN3_ENST00000556288,45,0.00,0.00,47.38,6.15,OK
MX1_ENST00000468506_kmers_merged_normalized.csv,MX1,ENST00000468506,1,MX1_ENST00000468506,365,1.13,1023.93,54.78,7.39,OK
CD46_ENST00000695779_kmers_merged_normalized.csv,CD46,ENST00000695779,1,CD46_ENST00000695779,1,0.00,0.00,N/A,N/A,Insufficient Data
CP_ENST00000497797_kmers_merged_normalized.csv,CP,ENST00000497797,1,CP_ENST00000497797,132,0.26,86.00,N/A,N/A,Fit Failed - Optimal parameters not found: Number of calls to function has reached maxfev = 1000.
IL7R_ENST00000515665_kmers_merged_normalized.csv,IL7R,ENST00000515665,1,IL7R_ENST00000515665,393,0.89,869.74,53.30,13.56,OK
PDCD4_ENST00000444997_kmers_merged_normalized.csv,PDCD4,ENST00000444997,1,PDCD4_ENST00000444997,46,6.64,755.39,37.47,4.20,OK
PDPK1_ENST00000474706_kmers_merged_normalized.csv,PDPK1,ENST00000474706,1,PDPK1_ENST00000474706,47,0.00,0.00,N/A,N/A,Fit Failed - Optimal parameters not found: Number of calls to function has reached maxfev = 1000.
TRPV4_ENST00000676376_kmers_merged_normalized.csv,TRPV4,ENST00000676376,1,TRPV4_ENST00000676376,72,0.00,0.00,59.79,6.24,OK
HLA-C_ENST00000383323_kmers_merged_normalized.csv,C,ENST00000383323,3,HLA-C_ENST00000383323-HLA-C_ENST00000383487-HLA-C_ENST00000458192,15,0.00,0.00,N/A,N/A,Fit Failed - Optimal parameters not found: Number of calls to function has reached maxfev = 1000.
BID_ENST00000622694_kmers_merged_normalized.csv,BID,ENST00000622694,2,BID_ENST00000622694-BID_ENST00000614949,14,18.13,628.00,N/A,N/A,Insufficient Data
ATF2_ENST00000417080_kmers_merged_normalized.csv,ATF2,ENST00000417080,1,ATF2_ENST00000417080,78,1.20,231.05,31.84,5.86,OK
COL18A1_ENST00000710295_kmers_merged_normalized.csv,COL18A1,ENST00000710295,1,COL18A1_ENST00000710295,33,0.31,25.35,74.73,9.72,OK
MFN2_ENST00000676293_kmers_merged_normalized.csv,MFN2,ENST00000676293,1,MFN2_ENST00000676293,48,0.00,0.00,45.74,2.59,OK
CYBA_ENST00000563526_kmers_merged_normalized.csv,CYBA,ENST00000563526,2,CYBA_ENST00000566534-CYBA_ENST00000563526,568,5.12,7198.76,64.03,6.15,OK
UMOD_ENST00000573567_kmers_merged_normalized.csv,UMOD,ENST00000573567,1,UMOD_ENST00000573567,48,0.00,0.00,55.62,4.90,OK
PMS2_ENST00000699932_kmers_merged_normalized.csv,PMS2,ENST00000699932,4,PMS2_ENST00000699753-PMS2_ENST00000699763-PMS2_ENST00000699932-PMS2_ENST00000699828,166,3.26,1339.00,N/A,N/A,Fit Failed - Optimal parameters not found: Number of calls to function has reached maxfev = 1000.
TNFSF12_ENST00000462811_kmers_merged_normalized.csv,TNFSF12,ENST00000462811,1,TNFSF12_ENST00000462811,44,0.00,0.00,N/A,N/A,Insufficient Data
CSNK2B_ENST00000375882_kmers_merged_normalized.csv,CSNK2B,ENST00000375882,17,CSNK2B_ENST00000375882-CSNK2B_ENST00000383433-CSNK2B_ENST00000452985-CSNK2B_ENST00000454382-CSNK2B_ENST00000443673-CSNK2B_ENST00000422567-CSNK2B_ENST00000451917-CSNK2B_ENST00000615772-CSNK2B_ENST00000615589-CSNK2B_ENST00000612713-CSNK2B_ENST00000621953-CSNK2B_ENST00000613998-CSNK2B_ENST00000614783-CSNK2B_ENST00000611721-CSNK2B_ENST00000619468-CSNK2B_ENST00000617578-CSNK2B_ENST00000621623,1,0.40,1.00,N/A,N/A,Insufficient Data
ITGA3_ENST00000505612_kmers_merged_normalized.csv,ITGA3,ENST00000505612,2,ITGA3_ENST00000505612-ITGA3_ENST00000506401,121,3.83,1147.03,60.23,3.55,OK
HLA-DPB1_ENST00000476677_kmers_merged_normalized.csv,DPB1,ENST00000476677,1,HLA-DPB1_ENST00000476677,30,1.09,81.00,N/A,N/A,Fit Failed - Optimal parameters not found: Number of calls to function has reached maxfev = 1000.
TCF4_ENST00000457482_kmers_merged_normalized.csv,TCF4,ENST00000457482,2,TCF4_ENST00000457482-TCF4_ENST00000630720,236,0.00,0.00,35.68,10.21,OK
NR4A2_ENST00000700228_kmers_merged_normalized.csv,NR4A2,ENST00000700228,1,NR4A2_ENST00000700228,88,0.53,115.77,58.86,8.09,OK
SMN2_ENST00000617648_kmers_merged_normalized.csv,SMN2,ENST00000617648,5,SMN2_ENST00000617648-SMN2_ENST00000625462-SMN1_ENST00000627306-SMN1_ENST00000507905-SMN2_ENST00000511873,164,0.00,0.00,30.44,14.83,OK
WT1_ENST00000650986_kmers_merged_normalized.csv,WT1,ENST00000650986,2,WT1_ENST00000650986-WT1_ENST00000650745,15,0.00,0.00,N/A,N/A,Insufficient Data
SPP1_ENST00000683168_kmers_merged_normalized.csv,SPP1,ENST00000683168,2,SPP1_ENST00000682448-SPP1_ENST00000683168,833,0.49,1019.59,37.46,13.66,OK
HNRNPA2B1_ENST00000678431_kmers_merged_normalized.csv,HNRNPA2B1,ENST00000678431,5,HNRNPA2B1_ENST00000677396-HNRNPA2B1_ENST00000676746-HNRNPA2B1_ENST00000678935-HNRNPA2B1_ENST00000678431-HNRNPA2B1_ENST00000678884,44,0.94,102.83,31.39,4.29,OK
COL1A2_ENST00000478215_kmers_merged_normalized.csv,COL1A2,ENST00000478215,1,COL1A2_ENST00000478215,340,0.00,0.00,37.03,12.88,OK
ACTB_ENST00000645025_kmers_merged_normalized.csv,ACTB,ENST00000645025,2,ACTB_ENST00000477812-ACTB_ENST00000645025,6,0.00,0.00,N/A,N/A,Insufficient Data
HLA-DPB1_ENST00000445702_kmers_merged_normalized.csv,DPB1,ENST00000445702,7,HLA-DPB1_ENST00000415438-HLA-DPB1_ENST00000428835-HLA-DPB1_ENST00000445702-HLA-DPB1_ENST00000456386-HLA-DPB1_ENST00000418444-HLA-DPB1_ENST00000402095-HLA-DPB1_ENST00000441678,47,0.00,0.00,31.84,19.25,OK
RAF1_ENST00000689540_kmers_merged_normalized.csv,RAF1,ENST00000689540,2,RAF1_ENST00000689540-RAF1_ENST00000691899,123,0.84,257.00,N/A,N/A,Fit Failed - Optimal parameters not found: Number of calls to function has reached maxfev = 1000.
CCND2_ENST00000676411_kmers_merged_normalized.csv,CCND2,ENST00000676411,1,CCND2_ENST00000676411,593,0.40,591.65,62.25,12.72,OK
PTK2_ENST00000510126_kmers_merged_normalized.csv,PTK2,ENST00000510126,1,PTK2_ENST00000510126,364,8.12,7309.06,47.64,15.12,OK
FOXM1_ENST00000627656_kmers_merged_normalized.csv,FOXM1,ENST00000627656,1,FOXM1_ENST00000627656,88,5.21,1134.23,50.64,10.72,OK
PLCE1_ENST00000675718_kmers_merged_normalized.csv,PLCE1,ENST00000675718,1,PLCE1_ENST00000675718,213,2.79,1470.03,46.05,8.55,OK
NR1H4_ENST00000648861_kmers_merged_normalized.csv,NR1H4,ENST00000648861,2,NR1H4_ENST00000648861-NR1H4_ENST00000649582,216,0.00,0.00,157.30,49.86,OK
KAT5_ENST00000534104_kmers_merged_normalized.csv,KAT5,ENST00000534104,1,KAT5_ENST00000534104,33,0.00,0.00,N/A,N/A,Insufficient Data
ZEB2_ENST00000629520_kmers_merged_normalized.csv,ZEB2,ENST00000629520,2,ZEB2_ENST00000476394-ZEB2_ENST00000629520,11,0.00,0.00,N/A,N/A,Insufficient Data
AGER_ENST00000375055_kmers_merged_normalized.csv,AGER,ENST00000375055,7,AGER_ENST00000375076-AGER_ENST00000375055-AGER_ENST00000375070-AGER_ENST00000375069-AGER_ENST00000484849-AGER_ENST00000438221-AGER_ENST00000538695,9,0.00,0.00,N/A,N/A,Insufficient Data
MAD2L1_ENST00000511295_kmers_merged_normalized.csv,MAD2L1,ENST00000511295,1,MAD2L1_ENST00000511295,221,0.51,281.07,33.21,6.80,OK
CRHR1_ENST00000705345_kmers_merged_normalized.csv,CRHR1,ENST00000705345,1,CRHR1_ENST00000705345,31,0.00,0.00,42.92,13.76,OK
CTBP1_ENST00000510739_kmers_merged_normalized.csv,CTBP1,ENST00000510739,1,CTBP1_ENST00000510739,48,0.00,0.00,68.09,3.99,OK
RAF1_ENST00000687257_kmers_merged_normalized.csv,RAF1,ENST00000687257,10,RAF1_ENST00000688625-RAF1_ENST00000687923-RAF1_ENST00000690397-RAF1_ENST00000693069-RAF1_ENST00000688803-RAF1_ENST00000685437-RAF1_ENST00000692093-RAF1_ENST00000691779-RAF1_ENST00000688543-RAF1_ENST00000687257,49,1.43,173.00,N/A,N/A,Insufficient Data
ACTN4_ENST00000697712_kmers_merged_normalized.csv,ACTN4,ENST00000697712,1,ACTN4_ENST00000697712,19,0.50,23.34,34.62,25.42,OK
GRN_ENST00000587387_kmers_merged_normalized.csv,GRN,ENST00000587387,1,GRN_ENST00000587387,47,0.00,0.00,54.23,2.47,OK
STUB1_ENST00000567790_kmers_merged_normalized.csv,STUB1,ENST00000567790,1,STUB1_ENST00000567790,40,0.00,0.00,61.91,2.76,OK
NOTCH1_ENST00000680882_kmers_merged_normalized.csv,NOTCH1,ENST00000680882,1,NOTCH1_ENST00000680882,270,0.21,141.87,68.33,6.71,OK
PTHLH_ENST00000535992_kmers_merged_normalized.csv,PTHLH,ENST00000535992,1,PTHLH_ENST00000535992,72,0.00,0.00,N/A,N/A,Fit Failed - Optimal parameters not found: Number of calls to function has reached maxfev = 1000.
AGT_ENST00000681514_kmers_merged_normalized.csv,AGT,ENST00000681514,1,AGT_ENST00000681514,124,0.00,0.00,47.40,5.05,OK
SMAD4_ENST00000690892_kmers_merged_normalized.csv,SMAD4,ENST00000690892,1,SMAD4_ENST00000690892,158,1.94,758.91,35.48,6.24,OK
SMN1_ENST00000628353_kmers_merged_normalized.csv,SMN1,ENST00000628353,5,SMN1_ENST00000506163-SMN2_ENST00000626847-SMN1_ENST00000626580-SMN2_ENST00000628642-SMN1_ENST00000628353,47,1.45,168.41,39.75,2.93,OK
GNAS_ENST00000676826_kmers_merged_normalized.csv,GNAS,ENST00000676826,2,GNAS_ENST00000481768-GNAS_ENST00000676826,2,0.00,0.00,N/A,N/A,Insufficient Data
CR2_ENST00000485707_kmers_merged_normalized.csv,CR2,ENST00000485707,1,CR2_ENST00000485707,220,0.41,220.63,49.40,12.66,OK
PTK2_ENST00000523388_kmers_merged_normalized.csv,PTK2,ENST00000523388,1,PTK2_ENST00000523388,336,2.06,1709.15,38.59,8.46,OK
CD247_ENST00000700163_kmers_merged_normalized.csv,CD247,ENST00000700163,1,CD247_ENST00000700163,46,0.00,0.00,N/A,N/A,Insufficient Data
JAK1_ENST00000699313_kmers_merged_normalized.csv,JAK1,ENST00000699313,2,JAK1_ENST00000699311-JAK1_ENST00000699313,48,0.00,0.00,44.38,2.50,OK
MUC2_ENST00000361558_kmers_merged_normalized.csv,MUC2,ENST00000361558,1,MUC2_ENST00000361558,1955,33.68,162867.35,58.85,4.65,OK
CYP2D6_ENST00000612990_kmers_merged_normalized.csv,CYP2D6,ENST00000612990,3,CYP2D6_ENST00000628592-CYP2D6_ENST00000615454-CYP2D6_ENST00000612990,50,0.00,0.00,0.07,16.48,OK
ICAM1_ENST00000588645_kmers_merged_normalized.csv,ICAM1,ENST00000588645,1,ICAM1_ENST00000588645,43,0.00,0.00,68.90,4.32,OK
NOTCH4_ENST00000466682_kmers_merged_normalized.csv,NOTCH4,ENST00000466682,1,NOTCH4_ENST00000466682,50,0.00,0.52,46.83,12.53,OK
LRP6_ENST00000535731_kmers_merged_normalized.csv,LRP6,ENST00000535731,2,LRP6_ENST00000535731-LRP6_ENST00000626182,48,0.28,32.79,54.00,4.04,OK
SOD2_ENST00000401980_kmers_merged_normalized.csv,SOD2,ENST00000401980,1,SOD2_ENST00000401980,186,1.50,689.82,69.31,3.83,OK
TCF7L2_ENST00000369397_kmers_merged_normalized.csv,TCF7L2,ENST00000369397,3,TCF7L2_ENST00000277945-TCF7L2_ENST00000355995-TCF7L2_ENST00000369397,44,1.57,171.16,45.59,2.78,OK
HSP90B1_ENST00000681704_kmers_merged_normalized.csv,HSP90B1,ENST00000681704,3,HSP90B1_ENST00000552051-HSP90B1_ENST00000680478-HSP90B1_ENST00000681704,2792,0.86,5935.72,37.73,12.15,OK
CD163_ENST00000432237_kmers_merged_normalized.csv,CD163,ENST00000432237,1,CD163_ENST00000432237,2,0.00,0.00,N/A,N/A,Insufficient Data
RELA_ENST00000534558_kmers_merged_normalized.csv,RELA,ENST00000534558,1,RELA_ENST00000534558,47,0.00,0.00,N/A,N/A,Fit Failed - Optimal parameters not found: Number of calls to function has reached maxfev = 1000.
HFE_ENST00000352392_kmers_merged_normalized.csv,HFE,ENST00000352392,1,HFE_ENST00000352392,47,0.00,0.00,65.31,5.58,OK
MYOC_ENST00000037502_kmers_merged_normalized.csv,MYOC,ENST00000037502,1,MYOC_ENST00000037502,572,0.23,319.93,56.66,7.39,OK
NRP1_ENST00000374821_kmers_merged_normalized.csv,NRP1,ENST00000374821,1,NRP1_ENST00000374821,46,0.06,7.38,58.76,2.01,OK
CTSS_ENST00000483930_kmers_merged_normalized.csv,CTSS,ENST00000483930,1,CTSS_ENST00000483930,156,54.95,21207.05,54.47,8.00,OK
PROC_ENST00000431364_kmers_merged_normalized.csv,PROC,ENST00000431364,2,PROC_ENST00000427769-PROC_ENST00000431364,109,0.00,0.00,61.97,3.87,OK
HMBS_ENST00000536813_kmers_merged_normalized.csv,HMBS,ENST00000536813,1,HMBS_ENST00000536813,48,0.00,0.00,58.78,1.30,OK
AGO2_ENST00000517293_kmers_merged_normalized.csv,AGO2,ENST00000517293,1,AGO2_ENST00000517293,44,0.00,0.00,53.75,3.57,OK
PTP4A3_ENST00000707615_kmers_merged_normalized.csv,PTP4A3,ENST00000707615,3,PTP4A3_ENST00000523147-PTP4A3_ENST00000633262-PTP4A3_ENST00000707615,46,0.00,0.00,66.36,4.52,OK
NR3C2_ENST00000503174_kmers_merged_normalized.csv,NR3C2,ENST00000503174,1,NR3C2_ENST00000503174,52,0.54,69.00,N/A,N/A,Fit Failed - Optimal parameters not found: Number of calls to function has reached maxfev = 1000.
DTNBP1_ENST00000513680_kmers_merged_normalized.csv,DTNBP1,ENST00000513680,2,DTNBP1_ENST00000506844-DTNBP1_ENST00000513680,185,0.76,348.04,50.90,3.04,OK
CACNA1C_ENST00000710605_kmers_merged_normalized.csv,CACNA1C,ENST00000710605,2,CACNA1C_ENST00000684233-CACNA1C_ENST00000710605,937,0.41,939.82,47.13,7.15,OK
TUG1_ENST00000643071_kmers_merged_normalized.csv,TUG1,ENST00000643071,3,TUG1_ENST00000643877-TUG1_ENST00000643280-TUG1_ENST00000643071,47,2.95,343.49,45.32,1.24,OK
MBP_ENST00000355994_kmers_merged_normalized.csv,MBP,ENST00000355994,2,MBP_ENST00000355994-MBP_ENST00000382582,1,0.00,0.00,N/A,N/A,Insufficient Data
PLCE1_ENST00000687948_kmers_merged_normalized.csv,PLCE1,ENST00000687948,1,PLCE1_ENST00000687948,1594,5.46,21542.54,38.32,11.60,OK
GLI3_ENST00000643264_kmers_merged_normalized.csv,GLI3,ENST00000643264,1,GLI3_ENST00000643264,1214,0.02,74.56,41.86,6.56,OK
STAT1_ENST00000540176_kmers_merged_normalized.csv,STAT1,ENST00000540176,2,STAT1_ENST00000673841-STAT1_ENST00000540176,3,0.00,0.00,N/A,N/A,Insufficient Data
TFRC_ENST00000698283_kmers_merged_normalized.csv,TFRC,ENST00000698283,2,TFRC_ENST00000698275-TFRC_ENST00000698283,149,3.59,1324.00,N/A,N/A,Fit Failed - Optimal parameters not found: Number of calls to function has reached maxfev = 1000.
NDRG1_ENST00000523642_kmers_merged_normalized.csv,NDRG1,ENST00000523642,1,NDRG1_ENST00000523642,161,3.64,1450.18,61.52,6.24,OK
MUC4_ENST00000612476_kmers_merged_normalized.csv,MUC4,ENST00000612476,26,MUC4_ENST00000308466-MUC4_ENST00000339251-MUC4_ENST00000349607-MUC4_ENST00000346145-MUC4_ENST00000392407-MUC4_ENST00000478156-MUC4_ENST00000415455-MUC4_ENST00000448861-MUC4_ENST00000626113-MUC4_ENST00000627218-MUC4_ENST00000626364-MUC4_ENST00000630917-MUC4_ENST00000627017-MUC4_ENST00000628456-MUC4_ENST00000628931-MUC4_ENST00000631078-MUC4_ENST00000627146-MUC4_ENST00000629873-MUC4_ENST00000626427-MUC4_ENST00000621966-MUC4_ENST00000626947-MUC4_ENST00000613841-MUC4_ENST00000612476-MUC4_ENST00000629826-MUC4_ENST00000626242-MUC4_ENST00000629801,4,0.00,0.00,N/A,N/A,Insufficient Data
ADAR_ENST00000647682_kmers_merged_normalized.csv,ADAR,ENST00000647682,1,ADAR_ENST00000647682,43,2.10,223.78,32.51,30.59,OK
IAPP_ENST00000537593_kmers_merged_normalized.csv,IAPP,ENST00000537593,1,IAPP_ENST00000537593,66,0.00,0.00,N/A,N/A,Fit Failed - Optimal parameters not found: Number of calls to function has reached maxfev = 1000.
XPO1_ENST00000492182_kmers_merged_normalized.csv,XPO1,ENST00000492182,1,XPO1_ENST00000492182,1572,2.34,9099.93,31.18,26.31,OK
ALOX15_ENST00000570836_kmers_merged_normalized.csv,ALOX15,ENST00000570836,1,ALOX15_ENST00000570836,70,0.00,0.00,50.28,2.31,OK
DDR1_ENST00000482978_kmers_merged_normalized.csv,DDR1,ENST00000482978,6,DDR1_ENST00000484230-DDR1_ENST00000460152-DDR1_ENST00000469592-DDR1_ENST00000474440-DDR1_ENST00000485023-DDR1_ENST00000482978,93,1.09,250.34,61.79,1.94,OK
PRMT1_ENST00000534676_kmers_merged_normalized.csv,PRMT1,ENST00000534676,1,PRMT1_ENST00000534676,170,1.19,498.85,60.30,2.61,OK
GP1BA_ENST00000329125_kmers_merged_normalized.csv,GP1BA,ENST00000329125,1,GP1BA_ENST00000329125,2437,0.16,959.84,54.99,8.47,OK
HTT_ENST00000512909_kmers_merged_normalized.csv,HTT,ENST00000512909,1,HTT_ENST00000512909,529,1.73,2261.16,35.25,9.46,OK
ERG_ENST00000398911_kmers_merged_normalized.csv,ERG,ENST00000398911,5,ERG_ENST00000398911-ERG_ENST00000398897-ERG_ENST00000398905-ERG_ENST00000442448-ERG_ENST00000481609,46,0.00,0.00,43.39,10.23,OK
DDR1_ENST00000450117_kmers_merged_normalized.csv,DDR1,ENST00000450117,5,DDR1_ENST00000416487-DDR1_ENST00000452093-DDR1_ENST00000450117-DDR1_ENST00000446697-DDR1_ENST00000513240,20,1.96,97.00,N/A,N/A,Insufficient Data
ALCAM_ENST00000489178_kmers_merged_normalized.csv,ALCAM,ENST00000489178,1,ALCAM_ENST00000489178,585,0.90,1305.12,26.97,11.89,OK
BCL2_ENST00000678134_kmers_merged_normalized.csv,BCL2,ENST00000678134,1,BCL2_ENST00000678134,252,4.76,2966.26,47.37,8.40,OK
CFL1_ENST00000530413_kmers_merged_normalized.csv,CFL1,ENST00000530413,1,CFL1_ENST00000530413,230,8.94,5084.51,51.00,4.22,OK
EGFR_ENST00000459688_kmers_merged_normalized.csv,EGFR,ENST00000459688,1,EGFR_ENST00000459688,2170,3.17,17013.72,42.61,10.90,OK
PGK1_ENST00000476531_kmers_merged_normalized.csv,PGK1,ENST00000476531,1,PGK1_ENST00000476531,320,4.08,3227.97,42.03,8.04,OK
TSC2_ENST00000642365_kmers_merged_normalized.csv,TSC2,ENST00000642365,2,TSC2_ENST00000642365-TSC2_ENST00000644399,45,0.35,38.84,56.50,3.55,OK
MAPK8_ENST00000374189_kmers_merged_normalized.csv,MAPK8,ENST00000374189,2,MAPK8_ENST00000374182-MAPK8_ENST00000374189,120,0.54,160.85,43.14,6.46,OK
AKT2_ENST00000584288_kmers_merged_normalized.csv,AKT2,ENST00000584288,1,AKT2_ENST00000584288,44,0.00,0.00,45.55,5.09,OK
SAA1_ENST00000405158_kmers_merged_normalized.csv,SAA1,ENST00000405158,2,SAA1_ENST00000405158-SAA1_ENST00000672712,127,0.00,0.00,32.83,8.74,OK
C4B_ENST00000548301_kmers_merged_normalized.csv,C4B,ENST00000548301,2,C4B_ENST00000375177-C4B_ENST00000548301,99,1.07,261.73,63.18,11.05,OK
HDAC6_ENST00000697247_kmers_merged_normalized.csv,HDAC6,ENST00000697247,1,HDAC6_ENST00000697247,989,0.51,1250.18,47.72,8.75,OK
IL7R_ENST00000511982_kmers_merged_normalized.csv,IL7R,ENST00000511982,1,IL7R_ENST00000511982,145,1.86,665.49,33.54,4.53,OK
NFE2L2_ENST00000699344_kmers_merged_normalized.csv,NFE2L2,ENST00000699344,2,NFE2L2_ENST00000699344-NFE2L2_ENST00000699411,13,0.00,0.00,N/A,N/A,Insufficient Data
CYP19A1_ENST00000557858_kmers_merged_normalized.csv,CYP19A1,ENST00000557858,2,CYP19A1_ENST00000405913-CYP19A1_ENST00000557858,85,0.00,0.00,43.39,2.90,OK
F10_ENST00000375559_kmers_merged_normalized.csv,F10,ENST00000375559,1,F10_ENST00000375559,67,0.33,53.88,58.52,6.59,OK
DNMT1_ENST00000591239_kmers_merged_normalized.csv,DNMT1,ENST00000591239,4,DNMT1_ENST00000677783-DNMT1_ENST00000591239-DNMT1_ENST00000676820-DNMT1_ENST00000678024,141,3.54,1236.27,52.43,9.43,OK
BIN1_ENST00000409400_kmers_merged_normalized.csv,BIN1,ENST00000409400,3,BIN1_ENST00000352848-BIN1_ENST00000409400-BIN1_ENST00000466111,44,2.72,296.00,N/A,N/A,Fit Failed - Optimal parameters not found: Number of calls to function has reached maxfev = 1000.
MIF_ENST00000215754_kmers_merged_normalized.csv,MIF,ENST00000215754,2,MIF_ENST00000215754-MIF_ENST00000613839,67,36.59,6064.60,75.05,9.35,OK
ENPP1_ENST00000683687_kmers_merged_normalized.csv,ENPP1,ENST00000683687,1,ENPP1_ENST00000683687,507,0.17,217.87,32.47,7.99,OK
MUC4_ENST00000628300_kmers_merged_normalized.csv,MUC4,ENST00000628300,2,MUC4_ENST00000478685-MUC4_ENST00000628300,687,4.83,8215.60,60.85,9.45,OK
TRAF3_ENST00000699894_kmers_merged_normalized.csv,TRAF3,ENST00000699894,2,TRAF3_ENST00000699893-TRAF3_ENST00000699894,497,1.83,2246.84,47.48,9.56,OK
HLA-DQA1_ENST00000496318_kmers_merged_normalized.csv,DQA1,ENST00000496318,1,HLA-DQA1_ENST00000496318,28,0.00,0.00,59.64,3.30,OK
FOXP1_ENST00000648748_kmers_merged_normalized.csv,FOXP1,ENST00000648748,4,FOXP1_ENST00000491238-FOXP1_ENST00000649659-FOXP1_ENST00000649695-FOXP1_ENST00000648748,2,0.61,3.00,N/A,N/A,Insufficient Data
ATR_ENST00000661310_kmers_merged_normalized.csv,ATR,ENST00000661310,1,ATR_ENST00000661310,49,0.12,14.63,42.14,2.19,OK
IKZF1_ENST00000698576_kmers_merged_normalized.csv,IKZF1,ENST00000698576,2,IKZF1_ENST00000641948-IKZF1_ENST00000698576,557,2.01,2763.42,36.38,4.84,OK
FGFR1_ENST00000683815_kmers_merged_normalized.csv,FGFR1,ENST00000683815,7,FGFR1_ENST00000397091-FGFR1_ENST00000496296-FGFR1_ENST00000447712-FGFR1_ENST00000619564-FGFR1_ENST00000703405-FGFR1_ENST00000684654-FGFR1_ENST00000683815,11,0.00,0.00,N/A,N/A,Insufficient Data
FGFR4_ENST00000502906_kmers_merged_normalized.csv,FGFR4,ENST00000502906,2,FGFR4_ENST00000292408-FGFR4_ENST00000502906,45,4.82,537.04,62.51,2.27,OK
DLG1_ENST00000452595_kmers_merged_normalized.csv,DLG1,ENST00000452595,1,DLG1_ENST00000452595,168,3.88,1611.23,37.16,4.62,OK
BTK_ENST00000695643_kmers_merged_normalized.csv,BTK,ENST00000695643,1,BTK_ENST00000695643,159,0.00,1.13,46.72,9.70,OK
HLA-A_ENST00000551120_kmers_merged_normalized.csv,A,ENST00000551120,2,HLA-A_ENST00000551120-HLA-A_ENST00000552498,1582,0.28,1085.82,47.13,7.71,OK
NPC1_ENST00000586718_kmers_merged_normalized.csv,NPC1,ENST00000586718,1,NPC1_ENST00000586718,144,5.70,2030.53,43.38,14.45,OK
HAVCR2_ENST00000696898_kmers_merged_normalized.csv,HAVCR2,ENST00000696898,1,HAVCR2_ENST00000696898,913,0.31,705.87,33.63,9.08,OK
NEDD4L_ENST00000356462_kmers_merged_normalized.csv,NEDD4L,ENST00000356462,1,NEDD4L_ENST00000356462,47,0.00,0.00,57.11,1.51,OK
IL6ST_ENST00000381293_kmers_merged_normalized.csv,IL6ST,ENST00000381293,1,IL6ST_ENST00000381293,95,0.00,0.00,33.88,4.69,OK
RXRA_ENST00000481739_kmers_merged_normalized.csv,RXRA,ENST00000481739,1,RXRA_ENST00000481739,204,4.11,2074.00,N/A,N/A,Fit Failed - Optimal parameters not found: Number of calls to function has reached maxfev = 1000.
IRF1_ENST00000681197_kmers_merged_normalized.csv,IRF1,ENST00000681197,1,IRF1_ENST00000681197,28,0.00,0.00,49.24,3.10,OK
GPC3_ENST00000394299_kmers_merged_normalized.csv,GPC3,ENST00000394299,1,GPC3_ENST00000394299,112,0.00,0.00,40.25,4.67,OK
ALK_ENST00000431873_kmers_merged_normalized.csv,ALK,ENST00000431873,1,ALK_ENST00000431873,109,0.00,0.00,N/A,N/A,Fit Failed - Optimal parameters not found: Number of calls to function has reached maxfev = 1000.
CLCN1_ENST00000495612_kmers_merged_normalized.csv,CLCN1,ENST00000495612,1,CLCN1_ENST00000495612,45,0.00,0.00,56.19,6.33,OK
DMD_ENST00000481143_kmers_merged_normalized.csv,DMD,ENST00000481143,1,DMD_ENST00000481143,507,0.00,0.00,48.96,7.20,OK
RIPK1_ENST00000677799_kmers_merged_normalized.csv,RIPK1,ENST00000677799,1,RIPK1_ENST00000677799,46,0.00,0.00,60.14,3.08,OK
GHRL_ENST00000476283_kmers_merged_normalized.csv,GHRL,ENST00000476283,1,GHRL_ENST00000476283,237,0.06,34.97,60.96,14.34,OK
MUC4_ENST00000631351_kmers_merged_normalized.csv,MUC4,ENST00000631351,28,MUC4_ENST00000475231-MUC4_ENST00000470451-MUC4_ENST00000462323-MUC4_ENST00000480843-MUC4_ENST00000629154-MUC4_ENST00000630579-MUC4_ENST00000628806-MUC4_ENST00000612796-MUC4_ENST00000628062-MUC4_ENST00000625421-MUC4_ENST00000626878-MUC4_ENST00000610962-MUC4_ENST00000630459-MUC4_ENST00000627236-MUC4_ENST00000631351-MUC4_ENST00000630183-MUC4_ENST00000627603-MUC4_ENST00000629021-MUC4_ENST00000631279-MUC4_ENST00000626318-MUC4_ENST00000627791-MUC4_ENST00000629594-MUC4_ENST00000631201-MUC4_ENST00000627295-MUC4_ENST00000630081-MUC4_ENST00000627334-MUC4_ENST00000629882-MUC4_ENST00000627165,48,4.97,590.55,49.01,3.32,OK
CASP7_ENST00000369315_kmers_merged_normalized.csv,CASP7,ENST00000369315,1,CASP7_ENST00000369315,47,13.32,1548.98,59.98,9.03,OK
BLM_ENST00000559282_kmers_merged_normalized.csv,BLM,ENST00000559282,1,BLM_ENST00000559282,220,0.00,0.00,36.31,4.11,OK
HNF4A_ENST00000609262_kmers_merged_normalized.csv,HNF4A,ENST00000609262,1,HNF4A_ENST00000609262,268,1.62,1075.63,61.19,7.15,OK
ADAM10_ENST00000260408_kmers_merged_normalized.csv,ADAM10,ENST00000260408,1,ADAM10_ENST00000260408,8061,4.18,83260.61,34.03,9.92,OK
THRB_ENST00000643772_kmers_merged_normalized.csv,THRB,ENST00000643772,1,THRB_ENST00000643772,49,0.00,0.00,70.91,6.94,OK
DSP_ENST00000418664_kmers_merged_normalized.csv,DSP,ENST00000418664,1,DSP_ENST00000418664,45,75.04,8353.11,28.30,9.52,OK
PLA2G6_ENST00000479641_kmers_merged_normalized.csv,PLA2G6,ENST00000479641,1,PLA2G6_ENST00000479641,46,0.27,30.39,57.77,1.86,OK
KRT5_ENST00000252242_kmers_merged_normalized.csv,KRT5,ENST00000252242,1,KRT5_ENST00000252242,421,0.00,0.00,50.17,9.43,OK
ATRX_ENST00000479487_kmers_merged_normalized.csv,ATRX,ENST00000479487,1,ATRX_ENST00000479487,188,0.93,431.95,26.57,6.36,OK
MUC4_ENST00000628289_kmers_merged_normalized.csv,MUC4,ENST00000628289,7,MUC4_ENST00000479406-MUC4_ENST00000625407-MUC4_ENST00000627476-MUC4_ENST00000628685-MUC4_ENST00000628289-MUC4_ENST00000625430-MUC4_ENST00000630966,47,0.00,0.00,51.07,5.01,OK
NPY_ENST00000242152_kmers_merged_normalized.csv,NPY,ENST00000242152,1,NPY_ENST00000242152,86,0.82,175.00,N/A,N/A,Fit Failed - Optimal parameters not found: Number of calls to function has reached maxfev = 1000.
PITX2_ENST00000354925_kmers_merged_normalized.csv,PITX2,ENST00000354925,1,PITX2_ENST00000354925,1131,0.37,1022.88,59.07,11.20,OK
AIRE_ENST00000397994_kmers_merged_normalized.csv,AIRE,ENST00000397994,1,AIRE_ENST00000397994,47,0.00,0.00,75.92,2.91,OK
CD163_ENST00000537044_kmers_merged_normalized.csv,CD163,ENST00000537044,1,CD163_ENST00000537044,1208,3.55,10621.95,35.97,8.63,OK
ERBB2_ENST00000578373_kmers_merged_normalized.csv,ERBB2,ENST00000578373,1,ERBB2_ENST00000578373,108,7.22,1928.59,63.20,11.81,OK
PTPN11_ENST00000690210_kmers_merged_normalized.csv,PTPN11,ENST00000690210,1,PTPN11_ENST00000690210,95,0.00,0.00,44.48,11.47,OK
ANXA2_ENST00000559467_kmers_merged_normalized.csv,ANXA2,ENST00000559467,2,ANXA2_ENST00000559370-ANXA2_ENST00000559467,168,4.64,1928.00,N/A,N/A,Fit Failed - Optimal parameters not found: Number of calls to function has reached maxfev = 1000.
MUC1_ENST00000462317_kmers_merged_normalized.csv,MUC1,ENST00000462317,2,MUC1_ENST00000457295-MUC1_ENST00000462317,91,0.09,20.77,52.95,2.40,OK
KCNMA1_ENST00000640773_kmers_merged_normalized.csv,KCNMA1,ENST00000640773,1,KCNMA1_ENST00000640773,48,0.00,0.00,35.52,7.70,OK
MYD88_ENST00000699084_kmers_merged_normalized.csv,MYD88,ENST00000699084,3,MYD88_ENST00000484513-MYD88_ENST00000699084-MYD88_ENST00000699085,740,1.42,2594.68,55.35,8.37,OK
HMGB1_ENST00000405805_kmers_merged_normalized.csv,HMGB1,ENST00000405805,1,HMGB1_ENST00000405805,926,0.33,762.84,47.62,18.25,OK
ATG5_ENST00000369070_kmers_merged_normalized.csv,ATG5,ENST00000369070,2,ATG5_ENST00000369070-ATG5_ENST00000646025,29,4.17,299.00,N/A,N/A,Insufficient Data
CFH_ENST00000695990_kmers_merged_normalized.csv,CFH,ENST00000695990,1,CFH_ENST00000695990,415,0.37,378.56,35.45,5.61,OK
OPA1_ENST00000495476_kmers_merged_normalized.csv,OPA1,ENST00000495476,1,OPA1_ENST00000495476,32,2.62,207.61,47.87,6.98,OK
PON1_ENST00000433729_kmers_merged_normalized.csv,PON1,ENST00000433729,1,PON1_ENST00000433729,49,0.00,0.00,40.08,2.45,OK
NOD2_ENST00000526417_kmers_merged_normalized.csv,NOD2,ENST00000526417,1,NOD2_ENST00000526417,120,0.05,14.90,49.24,3.67,OK
RASA1_ENST00000509953_kmers_merged_normalized.csv,RASA1,ENST00000509953,5,RASA1_ENST00000274376-RASA1_ENST00000456692-RASA1_ENST00000512763-RASA1_ENST00000509953-RASA1_ENST00000506290,48,13.97,1658.85,40.71,1.21,OK
GLI3_ENST00000642432_kmers_merged_normalized.csv,GLI3,ENST00000642432,1,GLI3_ENST00000642432,175,0.00,0.00,N/A,N/A,Fit Failed - Optimal parameters not found: Number of calls to function has reached maxfev = 1000.
DDX5_ENST00000579461_kmers_merged_normalized.csv,DDX5,ENST00000579461,2,DDX5_ENST00000579461-DDX5_ENST00000582326,211,6.59,3439.05,35.62,7.06,OK
XPO1_ENST00000460037_kmers_merged_normalized.csv,XPO1,ENST00000460037,2,XPO1_ENST00000428210-XPO1_ENST00000460037,254,3.88,2437.64,40.35,4.72,OK
RAB7A_ENST00000674589_kmers_merged_normalized.csv,RAB7A,ENST00000674589,1,RAB7A_ENST00000674589,348,1.28,1102.43,42.68,6.81,OK
CDK2_ENST00000555357_kmers_merged_normalized.csv,CDK2,ENST00000555357,1,CDK2_ENST00000555357,142,0.16,56.21,48.29,4.35,OK
TUG1_ENST00000569384_kmers_merged_normalized.csv,TUG1,ENST00000569384,1,TUG1_ENST00000569384,92,0.20,45.00,N/A,N/A,Fit Failed - Optimal parameters not found: Number of calls to function has reached maxfev = 1000.
BLM_ENST00000355112_kmers_merged_normalized.csv,BLM,ENST00000355112,1,BLM_ENST00000355112,177,9.56,4188.00,N/A,N/A,Fit Failed - Optimal parameters not found: Number of calls to function has reached maxfev = 1000.
ABCC8_ENST00000525022_kmers_merged_normalized.csv,ABCC8,ENST00000525022,1,ABCC8_ENST00000525022,131,0.00,0.00,68.68,3.86,OK
BACE1_ENST00000514464_kmers_merged_normalized.csv,BACE1,ENST00000514464,1,BACE1_ENST00000514464,46,0.00,0.00,65.03,5.96,OK
FUS_ENST00000568901_kmers_merged_normalized.csv,FUS,ENST00000568901,2,FUS_ENST00000487509-FUS_ENST00000568901,172,17.25,7339.34,23.78,17.09,OK
MPL_ENST00000638732_kmers_merged_normalized.csv,MPL,ENST00000638732,1,MPL_ENST00000638732,177,0.14,61.02,64.92,4.18,OK
NEDD4L_ENST00000256830_kmers_merged_normalized.csv,NEDD4L,ENST00000256830,1,NEDD4L_ENST00000256830,47,0.00,0.00,N/A,N/A,Insufficient Data
GNAS_ENST00000464624_kmers_merged_normalized.csv,GNAS,ENST00000464624,1,GNAS_ENST00000464624,41,0.00,0.00,49.02,10.55,OK
ZEB1_ENST00000561061_kmers_merged_normalized.csv,ZEB1,ENST00000561061,1,ZEB1_ENST00000561061,49,0.01,0.84,43.35,4.96,OK
TSC1_ENST00000645150_kmers_merged_normalized.csv,TSC1,ENST00000645150,4,TSC1_ENST00000493467-TSC1_ENST00000642646-TSC1_ENST00000645150-TSC1_ENST00000642745,454,1.38,1552.95,50.22,6.46,OK
EPHA2_ENST00000358432_kmers_merged_normalized.csv,EPHA2,ENST00000358432,1,EPHA2_ENST00000358432,2175,7.91,42564.99,59.09,7.16,OK
SOS1_ENST00000692089_kmers_merged_normalized.csv,SOS1,ENST00000692089,1,SOS1_ENST00000692089,639,0.27,421.95,25.77,16.86,OK
FSCN1_ENST00000447103_kmers_merged_normalized.csv,FSCN1,ENST00000447103,1,FSCN1_ENST00000447103,256,0.00,0.00,N/A,N/A,Fit Failed - Optimal parameters not found: Number of calls to function has reached maxfev = 1000.
ACTA1_ENST00000684723_kmers_merged_normalized.csv,ACTA1,ENST00000684723,1,ACTA1_ENST00000684723,925,0.00,0.00,52.96,10.08,OK
PAX6_ENST00000639943_kmers_merged_normalized.csv,PAX6,ENST00000639943,1,PAX6_ENST00000639943,1146,0.00,0.00,44.75,9.34,OK
RAD50_ENST00000487596_kmers_merged_normalized.csv,RAD50,ENST00000487596,2,RAD50_ENST00000487596-RAD50_ENST00000651658,114,1.55,438.00,25.63,6.35,OK
HLA-DPB1_ENST00000494240_kmers_merged_normalized.csv,DPB1,ENST00000494240,7,HLA-DPB1_ENST00000471170-HLA-DPB1_ENST00000475215-HLA-DPB1_ENST00000471485-HLA-DPB1_ENST00000493721-HLA-DPB1_ENST00000494240-HLA-DPB1_ENST00000487405-HLA-DPB1_ENST00000498038,88,0.92,201.00,N/A,N/A,Fit Failed - Optimal parameters not found: Number of calls to function has reached maxfev = 1000.
CD209_ENST00000593660_kmers_merged_normalized.csv,CD209,ENST00000593660,1,CD209_ENST00000593660,31,0.00,0.00,63.33,8.61,OK
TRAF2_ENST00000469701_kmers_merged_normalized.csv,TRAF2,ENST00000469701,1,TRAF2_ENST00000469701,60,1.54,228.64,66.56,3.06,OK
AR_ENST00000613054_kmers_merged_normalized.csv,AR,ENST00000613054,1,AR_ENST00000613054,116,0.00,0.00,43.41,10.07,OK
HSF1_ENST00000643870_kmers_merged_normalized.csv,HSF1,ENST00000643870,4,HSF1_ENST00000644444-HSF1_ENST00000532338-HSF1_ENST00000643870-HSF1_ENST00000528199,73,5.54,1001.07,66.24,3.98,OK
COL2A1_ENST00000474996_kmers_merged_normalized.csv,COL2A1,ENST00000474996,1,COL2A1_ENST00000474996,159,0.00,0.00,59.80,2.88,OK
CX3CR1_ENST00000412814_kmers_merged_normalized.csv,CX3CR1,ENST00000412814,2,CX3CR1_ENST00000412814-CX3CR1_ENST00000541347,229,0.00,0.00,N/A,N/A,Fit Failed - Optimal parameters not found: Number of calls to function has reached maxfev = 1000.
FASN_ENST00000635733_kmers_merged_normalized.csv,FASN,ENST00000635733,1,FASN_ENST00000635733,51,0.10,12.00,N/A,N/A,Insufficient Data
L1CAM_ENST00000361981_kmers_merged_normalized.csv,L1CAM,ENST00000361981,1,L1CAM_ENST00000361981,2,0.00,0.00,N/A,N/A,Insufficient Data
FOXC1_ENST00000645831_kmers_merged_normalized.csv,FOXC1,ENST00000645831,1,FOXC1_ENST00000645831,3934,0.19,1862.99,55.86,54.61,OK
CYP2D6_ENST00000629640_kmers_merged_normalized.csv,CYP2D6,ENST00000629640,4,CYP2D6_ENST00000630793-CYP2D6_ENST00000634653-CYP2D6_ENST00000635505-CYP2D6_ENST00000629640,32,0.00,0.00,N/A,N/A,Insufficient Data
CHRNA4_ENST00000637243_kmers_merged_normalized.csv,CHRNA4,ENST00000637243,1,CHRNA4_ENST00000637243,29,0.00,0.00,N/A,N/A,Insufficient Data
ATXN3_ENST00000555381_kmers_merged_normalized.csv,ATXN3,ENST00000555381,2,ATXN3_ENST00000429774-ATXN3_ENST00000555381,44,0.00,0.00,37.72,2.14,OK
ANXA1_ENST00000376911_kmers_merged_normalized.csv,ANXA1,ENST00000376911,1,ANXA1_ENST00000376911,865,0.67,1437.46,36.41,6.14,OK
ITPR1_ENST00000648390_kmers_merged_normalized.csv,ITPR1,ENST00000648390,1,ITPR1_ENST00000648390,47,0.00,0.00,0.00,12.37,OK
ITCH_ENST00000535650_kmers_merged_normalized.csv,ITCH,ENST00000535650,1,ITCH_ENST00000535650,48,0.00,0.00,38.39,6.26,OK
MGP_ENST00000228938_kmers_merged_normalized.csv,MGP,ENST00000228938,1,MGP_ENST00000228938,126,0.04,13.54,42.75,6.34,OK
MST1R_ENST00000344206_kmers_merged_normalized.csv,MST1R,ENST00000344206,1,MST1R_ENST00000344206,45,5.61,624.45,46.40,3.50,OK
SLC1A2_ENST00000646099_kmers_merged_normalized.csv,SLC1A2,ENST00000646099,3,SLC1A2_ENST00000643454-SLC1A2_ENST00000646099-SLC1A2_ENST00000643305,70,2.34,405.00,N/A,N/A,Fit Failed - Optimal parameters not found: Number of calls to function has reached maxfev = 1000.
SERPINA1_ENST00000557361_kmers_merged_normalized.csv,SERPINA1,ENST00000557361,1,SERPINA1_ENST00000557361,29,0.29,21.00,N/A,N/A,Insufficient Data
EHMT2_ENST00000436026_kmers_merged_normalized.csv,EHMT2,ENST00000436026,7,EHMT2_ENST00000447162-EHMT2_ENST00000424396-EHMT2_ENST00000419454-EHMT2_ENST00000436026-EHMT2_ENST00000420623-EHMT2_ENST00000448415-EHMT2_ENST00000451745,45,0.00,0.00,68.89,1.57,OK
GSK3B_ENST00000677716_kmers_merged_normalized.csv,GSK3B,ENST00000677716,1,GSK3B_ENST00000677716,42,0.00,0.00,N/A,N/A,Fit Failed - Optimal parameters not found: Number of calls to function has reached maxfev = 1000.
NR4A1_ENST00000548232_kmers_merged_normalized.csv,NR4A1,ENST00000548232,3,NR4A1_ENST00000478250-NR4A1_ENST00000550557-NR4A1_ENST00000548232,102,2.35,592.70,59.89,4.27,OK
NFKB1_ENST00000697793_kmers_merged_normalized.csv,NFKB1,ENST00000697793,1,NFKB1_ENST00000697793,90,0.26,57.02,45.04,10.10,OK
TUG1_ENST00000566220_kmers_merged_normalized.csv,TUG1,ENST00000566220,1,TUG1_ENST00000566220,47,0.06,7.00,N/A,N/A,Insufficient Data
YWHAZ_ENST00000395957_kmers_merged_normalized.csv,YWHAZ,ENST00000395957,1,YWHAZ_ENST00000395957,44,12.06,1312.86,64.21,9.24,OK
TFF3_ENST00000398431_kmers_merged_normalized.csv,TFF3,ENST00000398431,1,TFF3_ENST00000398431,44,5.93,645.00,N/A,N/A,Insufficient Data
DCN_ENST00000052754_kmers_merged_normalized.csv,DCN,ENST00000052754,1,DCN_ENST00000052754,4775,0.02,293.08,37.45,8.83,OK
SCN1A_ENST00000689288_kmers_merged_normalized.csv,SCN1A,ENST00000689288,1,SCN1A_ENST00000689288,140,0.00,0.00,43.18,6.06,OK
JAK1_ENST00000699259_kmers_merged_normalized.csv,JAK1,ENST00000699259,2,JAK1_ENST00000672247-JAK1_ENST00000699259,48,0.00,0.00,N/A,N/A,Fit Failed - Optimal parameters not found: Number of calls to function has reached maxfev = 1000.
PIN1_ENST00000592184_kmers_merged_normalized.csv,PIN1,ENST00000592184,1,PIN1_ENST00000592184,105,0.00,0.00,N/A,N/A,Fit Failed - Optimal parameters not found: Number of calls to function has reached maxfev = 1000.
IL24_ENST00000491169_kmers_merged_normalized.csv,IL24,ENST00000491169,1,IL24_ENST00000491169,47,0.00,0.00,58.93,8.99,OK
CLU_ENST00000522098_kmers_merged_normalized.csv,CLU,ENST00000522098,5,CLU_ENST00000316403-CLU_ENST00000405140-CLU_ENST00000522299-CLU_ENST00000523500-CLU_ENST00000522098,48,18.67,2217.00,N/A,N/A,Fit Failed - Optimal parameters not found: Number of calls to function has reached maxfev = 1000.
HEXA_ENST00000682064_kmers_merged_normalized.csv,HEXA,ENST00000682064,1,HEXA_ENST00000682064,249,0.63,385.76,52.29,6.68,OK
VWF_ENST00000539641_kmers_merged_normalized.csv,VWF,ENST00000539641,1,VWF_ENST00000539641,471,0.17,198.57,55.33,7.73,OK
FOLH1_ENST00000529117_kmers_merged_normalized.csv,FOLH1,ENST00000529117,1,FOLH1_ENST00000529117,290,0.00,0.00,49.59,14.06,OK
GNAS_ENST00000682680_kmers_merged_normalized.csv,GNAS,ENST00000682680,2,GNAS_ENST00000682917-GNAS_ENST00000682680,135,2.56,855.84,50.43,9.69,OK
SKP2_ENST00000678537_kmers_merged_normalized.csv,SKP2,ENST00000678537,2,SKP2_ENST00000678537-SKP2_ENST00000676559,210,0.28,146.53,24.82,10.60,OK
SMAD2_ENST00000591214_kmers_merged_normalized.csv,SMAD2,ENST00000591214,1,SMAD2_ENST00000591214,428,2.84,3003.76,34.93,7.99,OK
ADIPOR1_ENST00000495562_kmers_merged_normalized.csv,ADIPOR1,ENST00000495562,1,ADIPOR1_ENST00000495562,857,1.58,3353.53,37.99,8.90,OK
CACNA1A_ENST00000637927_kmers_merged_normalized.csv,CACNA1A,ENST00000637927,3,CACNA1A_ENST00000636022-CACNA1A_ENST00000637927-CACNA1A_ENST00000573710,50,0.00,0.00,N/A,N/A,Fit Failed - Optimal parameters not found: Number of calls to function has reached maxfev = 1000.
KPNB1_ENST00000677036_kmers_merged_normalized.csv,KPNB1,ENST00000677036,1,KPNB1_ENST00000677036,625,2.48,3840.61,33.75,13.08,OK
CTSB_ENST00000679128_kmers_merged_normalized.csv,CTSB,ENST00000679128,2,CTSB_ENST00000710716-CTSB_ENST00000679128,68,0.00,0.00,42.43,7.12,OK
NFKBIA_ENST00000697960_kmers_merged_normalized.csv,NFKBIA,ENST00000697960,3,NFKBIA_ENST00000555629-NFKBIA_ENST00000697960-NFKBIA_ENST00000697958,84,11.32,2352.77,61.73,5.34,OK
IDE_ENST00000677196_kmers_merged_normalized.csv,IDE,ENST00000677196,2,IDE_ENST00000677196-IDE_ENST00000677978,227,13.09,7350.00,N/A,N/A,Fit Failed - Optimal parameters not found: Number of calls to function has reached maxfev = 1000.
ABCC4_ENST00000643816_kmers_merged_normalized.csv,ABCC4,ENST00000643816,1,ABCC4_ENST00000643816,391,1.07,1034.00,N/A,N/A,Fit Failed - Optimal parameters not found: Number of calls to function has reached maxfev = 1000.
SLC19A1_ENST00000427839_kmers_merged_normalized.csv,SLC19A1,ENST00000427839,1,SLC19A1_ENST00000427839,51,0.00,0.00,71.13,2.25,OK
PMS2_ENST00000699769_kmers_merged_normalized.csv,PMS2,ENST00000699769,1,PMS2_ENST00000699769,304,0.99,746.09,22.68,9.43,OK
IFNGR1_ENST00000458076_kmers_merged_normalized.csv,IFNGR1,ENST00000458076,1,IFNGR1_ENST00000458076,50,0.37,46.37,41.24,1.79,OK
RUNX1_ENST00000468726_kmers_merged_normalized.csv,RUNX1,ENST00000468726,1,RUNX1_ENST00000468726,112,0.00,0.00,N/A,N/A,Fit Failed - Optimal parameters not found: Number of calls to function has reached maxfev = 1000.
POSTN_ENST00000474646_kmers_merged_normalized.csv,POSTN,ENST00000474646,1,POSTN_ENST00000474646,249,0.45,279.17,30.63,5.39,OK
CSNK2A1_ENST00000609525_kmers_merged_normalized.csv,CSNK2A1,ENST00000609525,1,CSNK2A1_ENST00000609525,109,0.41,110.99,45.30,5.25,OK
PPARGC1A_ENST00000508380_kmers_merged_normalized.csv,PPARGC1A,ENST00000508380,1,PPARGC1A_ENST00000508380,127,1.34,421.32,44.41,12.82,OK
ADA_ENST00000696075_kmers_merged_normalized.csv,ADA,ENST00000696075,1,ADA_ENST00000696075,163,0.00,0.00,61.80,5.73,OK
CD274_ENST00000381573_kmers_merged_normalized.csv,CD274,ENST00000381573,1,CD274_ENST00000381573,98,0.09,22.00,N/A,N/A,Fit Failed - Optimal parameters not found: Number of calls to function has reached maxfev = 1000.
DDR1_ENST00000552068_kmers_merged_normalized.csv,DDR1,ENST00000552068,16,DDR1_ENST00000324771-DDR1_ENST00000376568-DDR1_ENST00000383377-DDR1_ENST00000400491-DDR1_ENST00000400492-DDR1_ENST00000400414-DDR1_ENST00000429699-DDR1_ENST00000412329-DDR1_ENST00000452441-DDR1_ENST00000449518-DDR1_ENST00000430933-DDR1_ENST00000548133-DDR1_ENST00000550395-DDR1_ENST00000552068-DDR1_ENST00000553015-DDR1_ENST00000513240,48,22.83,2710.91,58.50,8.77,OK
HSPA5_ENST00000680257_kmers_merged_normalized.csv,HSPA5,ENST00000680257,4,HSPA5_ENST00000680032-HSPA5_ENST00000681540-HSPA5_ENST00000680234-HSPA5_ENST00000680257,14,0.00,0.00,N/A,N/A,Insufficient Data
HNRNPD_ENST00000703973_kmers_merged_normalized.csv,HNRNPD,ENST00000703973,1,HNRNPD_ENST00000703973,48,0.00,0.00,48.15,14.87,OK
TNFSF12_ENST00000700050_kmers_merged_normalized.csv,TNFSF12,ENST00000700050,2,TNFSF12_ENST00000700048-TNFSF12_ENST00000700050,134,0.00,0.00,74.91,5.08,OK
ERCC6_ENST00000679871_kmers_merged_normalized.csv,ERCC6,ENST00000679871,1,ERCC6_ENST00000679871,48,0.01,1.00,N/A,N/A,Fit Failed - Optimal parameters not found: Number of calls to function has reached maxfev = 1000.
SOD2_ENST00000545162_kmers_merged_normalized.csv,SOD2,ENST00000545162,1,SOD2_ENST00000545162,49,1.27,154.00,N/A,N/A,Fit Failed - Optimal parameters not found: Number of calls to function has reached maxfev = 1000.
F2R_ENST00000319211_kmers_merged_normalized.csv,F2R,ENST00000319211,1,F2R_ENST00000319211,3501,4.72,40856.00,40.48,14.48,OK
RIPK1_ENST00000678809_kmers_merged_normalized.csv,RIPK1,ENST00000678809,1,RIPK1_ENST00000678809,293,0.49,355.78,18.13,24.76,OK
JAK1_ENST00000671746_kmers_merged_normalized.csv,JAK1,ENST00000671746,1,JAK1_ENST00000671746,221,0.40,219.88,46.53,5.53,OK
BUB1B_ENST00000559461_kmers_merged_normalized.csv,BUB1B,ENST00000559461,2,BUB1B_ENST00000557848-BUB1B_ENST00000559461,102,1.46,368.49,41.79,20.63,OK
EPHB4_ENST00000492403_kmers_merged_normalized.csv,EPHB4,ENST00000492403,1,EPHB4_ENST00000492403,445,0.36,392.79,52.92,5.83,OK
NOD1_ENST00000419799_kmers_merged_normalized.csv,NOD1,ENST00000419799,1,NOD1_ENST00000419799,138,0.18,61.86,47.15,5.56,OK
PDIA3_ENST00000686227_kmers_merged_normalized.csv,PDIA3,ENST00000686227,3,PDIA3_ENST00000497349-PDIA3_ENST00000690274-PDIA3_ENST00000686227,650,0.52,835.90,37.04,7.94,OK
CSF3R_ENST00000484762_kmers_merged_normalized.csv,CSF3R,ENST00000484762,2,CSF3R_ENST00000484762-CSF3R_ENST00000480825,86,0.52,110.98,61.56,3.08,OK
GRN_ENST00000586242_kmers_merged_normalized.csv,GRN,ENST00000586242,1,GRN_ENST00000586242,46,0.04,4.72,67.47,3.50,OK
YWHAZ_ENST00000522542_kmers_merged_normalized.csv,YWHAZ,ENST00000522542,1,YWHAZ_ENST00000522542,84,9.54,1982.02,37.02,4.95,OK
ATG16L1_ENST00000464645_kmers_merged_normalized.csv,ATG16L1,ENST00000464645,2,ATG16L1_ENST00000464645-ATG16L1_ENST00000626361,88,0.47,102.27,51.69,4.05,OK
PDIA3_ENST00000687167_kmers_merged_normalized.csv,PDIA3,ENST00000687167,3,PDIA3_ENST00000690274-PDIA3_ENST00000691893-PDIA3_ENST00000687167,546,10.11,13654.78,42.25,14.44,OK
DDB1_ENST00000681188_kmers_merged_normalized.csv,DDB1,ENST00000681188,1,DDB1_ENST00000681188,91,0.05,11.77,52.54,8.11,OK
GAA_ENST00000390015_kmers_merged_normalized.csv,GAA,ENST00000390015,5,GAA_ENST00000302262-GAA_ENST00000390015-GAA_ENST00000572080-GAA_ENST00000707781-GAA_ENST00000707779,55,8.44,1148.67,65.01,3.09,OK
PKD1_ENST00000468674_kmers_merged_normalized.csv,PKD1,ENST00000468674,1,PKD1_ENST00000468674,46,0.00,0.00,62.85,7.20,OK
SIRT6_ENST00000595670_kmers_merged_normalized.csv,SIRT6,ENST00000595670,3,SIRT6_ENST00000595670-SIRT6_ENST00000601069-SIRT6_ENST00000596119,74,1.27,233.00,N/A,N/A,Fit Failed - Optimal parameters not found: Number of calls to function has reached maxfev = 1000.
ABCC8_ENST00000643562_kmers_merged_normalized.csv,ABCC8,ENST00000643562,1,ABCC8_ENST00000643562,47,0.00,0.00,64.92,1.27,OK
HNRNPA2B1_ENST00000679243_kmers_merged_normalized.csv,HNRNPA2B1,ENST00000679243,1,HNRNPA2B1_ENST00000679243,46,0.00,0.00,41.28,2.23,OK
TFPI2_ENST00000222543_kmers_merged_normalized.csv,TFPI2,ENST00000222543,1,TFPI2_ENST00000222543,1038,0.00,0.00,27.02,7.53,OK
FGFR1_ENST00000397090_kmers_merged_normalized.csv,FGFR1,ENST00000397090,2,FGFR1_ENST00000397090-FGFR1_ENST00000526570,161,0.21,82.08,58.91,4.66,OK
MAPT_ENST00000629368_kmers_merged_normalized.csv,MAPT,ENST00000629368,1,MAPT_ENST00000629368,54,0.00,0.00,59.14,2.88,OK
ITGA3_ENST00000512553_kmers_merged_normalized.csv,ITGA3,ENST00000512553,1,ITGA3_ENST00000512553,48,0.86,102.29,45.02,2.40,OK
NTRK2_ENST00000686322_kmers_merged_normalized.csv,NTRK2,ENST00000686322,2,NTRK2_ENST00000689301-NTRK2_ENST00000686322,8,0.00,0.00,N/A,N/A,Insufficient Data
FOLR1_ENST00000312293_kmers_merged_normalized.csv,FOLR1,ENST00000312293,1,FOLR1_ENST00000312293,155,0.00,0.00,62.95,8.16,OK
XPO1_ENST00000678263_kmers_merged_normalized.csv,XPO1,ENST00000678263,1,XPO1_ENST00000678263,47,0.00,0.00,41.75,2.91,OK
SLC22A5_ENST00000415928_kmers_merged_normalized.csv,SLC22A5,ENST00000415928,1,SLC22A5_ENST00000415928,91,0.00,0.00,N/A,N/A,Fit Failed - Optimal parameters not found: Number of calls to function has reached maxfev = 1000.
NDRG1_ENST00000675568_kmers_merged_normalized.csv,NDRG1,ENST00000675568,1,NDRG1_ENST00000675568,55,1.85,252.00,N/A,N/A,Fit Failed - Optimal parameters not found: Number of calls to function has reached maxfev = 1000.
PMS2_ENST00000699758_kmers_merged_normalized.csv,PMS2,ENST00000699758,1,PMS2_ENST00000699758,48,0.00,0.00,40.60,1.19,OK
TSC2_ENST00000568366_kmers_merged_normalized.csv,TSC2,ENST00000568366,2,TSC2_ENST00000644417-TSC2_ENST00000568366,192,3.18,1510.94,61.38,7.11,OK
CGA_ENST00000610310_kmers_merged_normalized.csv,CGA,ENST00000610310,1,CGA_ENST00000610310,140,0.01,4.39,51.96,3.26,OK
CFH_ENST00000466229_kmers_merged_normalized.csv,CFH,ENST00000466229,1,CFH_ENST00000466229,2761,0.63,4272.28,29.01,7.70,OK
CAPN1_ENST00000527699_kmers_merged_normalized.csv,CAPN1,ENST00000527699,1,CAPN1_ENST00000527699,45,0.00,0.00,59.18,5.33,OK
NOD2_ENST00000697427_kmers_merged_normalized.csv,NOD2,ENST00000697427,1,NOD2_ENST00000697427,48,0.00,0.00,57.40,5.66,OK
SMARCA2_ENST00000636559_kmers_merged_normalized.csv,SMARCA2,ENST00000636559,3,SMARCA2_ENST00000637806-SMARCA2_ENST00000637103-SMARCA2_ENST00000636559,2301,3.18,18096.38,37.56,9.05,OK
KRAS_ENST00000687356_kmers_merged_normalized.csv,KRAS,ENST00000687356,1,KRAS_ENST00000687356,44,0.51,55.25,30.97,1.47,OK
MECP2_ENST00000369957_kmers_merged_normalized.csv,MECP2,ENST00000369957,1,MECP2_ENST00000369957,45,0.00,0.00,50.34,2.15,OK
PTEN_ENST00000700026_kmers_merged_normalized.csv,PTEN,ENST00000700026,1,PTEN_ENST00000700026,269,2.30,1532.28,27.36,6.29,OK
KDM1A_ENST00000465864_kmers_merged_normalized.csv,KDM1A,ENST00000465864,3,KDM1A_ENST00000465864-KDM1A_ENST00000692056-KDM1A_ENST00000685102,64,0.51,80.39,42.42,4.45,OK
SATB1_ENST00000491519_kmers_merged_normalized.csv,SATB1,ENST00000491519,1,SATB1_ENST00000491519,570,0.93,1310.28,34.45,11.23,OK
FCGR2A_ENST00000471026_kmers_merged_normalized.csv,FCGR2A,ENST00000471026,2,FCGR2A_ENST00000471026-FCGR2A_ENST00000699277,46,0.32,36.00,N/A,N/A,Insufficient Data
HLA-DRA_ENST00000415767_kmers_merged_normalized.csv,DRA,ENST00000415767,7,HLA-DRA_ENST00000383258-HLA-DRA_ENST00000374982-HLA-DRA_ENST00000415767-HLA-DRA_ENST00000427753-HLA-DRA_ENST00000418111-HLA-DRA_ENST00000434866-HLA-DRA_ENST00000411505,48,0.80,95.52,48.78,2.99,OK
TBK1_ENST00000676469_kmers_merged_normalized.csv,TBK1,ENST00000676469,1,TBK1_ENST00000676469,46,0.00,0.00,N/A,N/A,Fit Failed - Optimal parameters not found: Number of calls to function has reached maxfev = 1000.
CD55_ENST00000367064_kmers_merged_normalized.csv,CD55,ENST00000367064,1,CD55_ENST00000367064,464,0.43,492.50,27.17,4.27,OK
CSF3R_ENST00000466138_kmers_merged_normalized.csv,CSF3R,ENST00000466138,1,CSF3R_ENST00000466138,155,0.00,0.00,56.67,4.74,OK
OPRM1_ENST00000337049_kmers_merged_normalized.csv,OPRM1,ENST00000337049,1,OPRM1_ENST00000337049,7,0.00,0.00,N/A,N/A,Insufficient Data
CSNK2B_ENST00000454382_kmers_merged_normalized.csv,CSNK2B,ENST00000454382,16,CSNK2B_ENST00000383433-CSNK2B_ENST00000452985-CSNK2B_ENST00000454382-CSNK2B_ENST00000443673-CSNK2B_ENST00000422567-CSNK2B_ENST00000451917-CSNK2B_ENST00000615772-CSNK2B_ENST00000615589-CSNK2B_ENST00000612713-CSNK2B_ENST00000621953-CSNK2B_ENST00000613998-CSNK2B_ENST00000614783-CSNK2B_ENST00000611721-CSNK2B_ENST00000619468-CSNK2B_ENST00000617578-CSNK2B_ENST00000621623,16,0.00,0.00,N/A,N/A,Insufficient Data
AKT2_ENST00000486368_kmers_merged_normalized.csv,AKT2,ENST00000486368,1,AKT2_ENST00000486368,49,0.20,24.24,60.28,1.80,OK
NOTCH4_ENST00000471956_kmers_merged_normalized.csv,NOTCH4,ENST00000471956,2,NOTCH4_ENST00000471956-NOTCH4_ENST00000454571,50,0.00,0.00,61.66,2.46,OK
UBE2D3_ENST00000514755_kmers_merged_normalized.csv,UBE2D3,ENST00000514755,3,UBE2D3_ENST00000394803-UBE2D3_ENST00000514755-UBE2D3_ENST00000508818,47,18.01,2094.00,N/A,N/A,Insufficient Data
ALOX15_ENST00000576572_kmers_merged_normalized.csv,ALOX15,ENST00000576572,1,ALOX15_ENST00000576572,79,0.00,0.00,61.52,3.59,OK
KCNMA1_ENST00000639591_kmers_merged_normalized.csv,KCNMA1,ENST00000639591,1,KCNMA1_ENST00000639591,47,0.00,0.00,52.76,2.68,OK
NR1H3_ENST00000527464_kmers_merged_normalized.csv,NR1H3,ENST00000527464,3,NR1H3_ENST00000495866-NR1H3_ENST00000616973-NR1H3_ENST00000527464,95,0.00,0.00,-5.89,23.99,OK
CFLAR_ENST00000425030_kmers_merged_normalized.csv,CFLAR,ENST00000425030,1,CFLAR_ENST00000425030,268,3.76,2494.40,39.59,5.98,OK
PRF1_ENST00000441259_kmers_merged_normalized.csv,PRF1,ENST00000441259,1,PRF1_ENST00000441259,72,0.52,93.17,62.70,7.80,OK
PDE4D_ENST00000405053_kmers_merged_normalized.csv,PDE4D,ENST00000405053,1,PDE4D_ENST00000405053,40,0.02,1.91,41.69,2.19,OK
SNAP25_ENST00000254976_kmers_merged_normalized.csv,SNAP25,ENST00000254976,2,SNAP25_ENST00000254976-SNAP25_ENST00000304886,39,0.45,43.89,64.49,2.44,OK
HFE_ENST00000486147_kmers_merged_normalized.csv,HFE,ENST00000486147,1,HFE_ENST00000486147,212,0.44,232.17,50.25,4.11,OK
PTK2_ENST00000523067_kmers_merged_normalized.csv,PTK2,ENST00000523067,2,PTK2_ENST00000520045-PTK2_ENST00000523067,49,2.76,334.00,N/A,N/A,Fit Failed - Optimal parameters not found: Number of calls to function has reached maxfev = 1000.
KIR3DL1_ENST00000611574_kmers_merged_normalized.csv,KIR3DL1,ENST00000611574,4,KIR3DL1_ENST00000615523-KIR3DL1_ENST00000616424-KIR3DL1_ENST00000610345-KIR3DL1_ENST00000611574,50,0.00,0.00,0.04,17.54,OK
TP73_ENST00000378290_kmers_merged_normalized.csv,TP73,ENST00000378290,2,TP73_ENST00000378290-TP73_ENST00000604194,93,0.00,0.00,56.33,1.70,OK
NFE2L2_ENST00000699308_kmers_merged_normalized.csv,NFE2L2,ENST00000699308,5,NFE2L2_ENST00000699413-NFE2L2_ENST00000699435-NFE2L2_ENST00000699404-NFE2L2_ENST00000699301-NFE2L2_ENST00000699308,199,4.58,2256.73,63.38,39.79,OK
DDR1_ENST00000400411_kmers_merged_normalized.csv,DDR1,ENST00000400411,5,DDR1_ENST00000259875-DDR1_ENST00000400410-DDR1_ENST00000400411-DDR1_ENST00000468225-DDR1_ENST00000552721,23,7.55,429.76,63.50,4.73,OK
ERCC6_ENST00000681632_kmers_merged_normalized.csv,ERCC6,ENST00000681632,1,ERCC6_ENST00000681632,1461,0.43,1550.14,41.48,7.93,OK
SLC1A2_ENST00000644100_kmers_merged_normalized.csv,SLC1A2,ENST00000644100,1,SLC1A2_ENST00000644100,70,0.00,0.00,23.92,13.71,OK
ERBB3_ENST00000683018_kmers_merged_normalized.csv,ERBB3,ENST00000683018,1,ERBB3_ENST00000683018,38,0.00,0.00,N/A,N/A,Insufficient Data
IGFBP7_ENST00000295666_kmers_merged_normalized.csv,IGFBP7,ENST00000295666,2,IGFBP7_ENST00000295666-IGFBP7_ENST00000512512,562,10.58,14705.70,31.96,8.96,OK
STAT5A_ENST00000676631_kmers_merged_normalized.csv,STAT5A,ENST00000676631,1,STAT5A_ENST00000676631,47,0.10,12.00,N/A,N/A,Fit Failed - Optimal parameters not found: Number of calls to function has reached maxfev = 1000.
APOA5_ENST00000227665_kmers_merged_normalized.csv,APOA5,ENST00000227665,1,APOA5_ENST00000227665,6,0.00,0.00,N/A,N/A,Insufficient Data
DDIT3_ENST00000346473_kmers_merged_normalized.csv,DDIT3,ENST00000346473,2,DDIT3_ENST00000346473-DDIT3_ENST00000623876,44,8.89,968.00,N/A,N/A,Fit Failed - Optimal parameters not found: Number of calls to function has reached maxfev = 1000.
SMN2_ENST00000509805_kmers_merged_normalized.csv,SMN2,ENST00000509805,6,SMN2_ENST00000509805-SMN1_ENST00000513228-SMN2_ENST00000624254-SMN1_ENST00000518504-SMN2_ENST00000626988-SMN2_ENST00000625953,94,1.54,357.48,54.94,25.47,OK
ZEB1_ENST00000606161_kmers_merged_normalized.csv,ZEB1,ENST00000606161,2,ZEB1_ENST00000606671-ZEB1_ENST00000606161,159,1.25,491.15,38.99,4.82,OK
SMN2_ENST00000503678_kmers_merged_normalized.csv,SMN2,ENST00000503678,7,SMN2_ENST00000503678-SMN2_ENST00000509805-SMN1_ENST00000513228-SMN2_ENST00000624254-SMN1_ENST00000518504-SMN2_ENST00000626988-SMN2_ENST00000625953,2,0.40,2.00,N/A,N/A,Insufficient Data
IKBKB_ENST00000521661_kmers_merged_normalized.csv,IKBKB,ENST00000521661,6,IKBKB_ENST00000416505-IKBKB_ENST00000649612-IKBKB_ENST00000521661-IKBKB_ENST00000523105-IKBKB_ENST00000520655-IKBKB_ENST00000523599,48,0.82,97.00,N/A,N/A,Insufficient Data
NOTCH4_ENST00000474612_kmers_merged_normalized.csv,NOTCH4,ENST00000474612,3,NOTCH4_ENST00000471956-NOTCH4_ENST00000474612-NOTCH4_ENST00000465833,24,0.00,0.00,43.72,2.22,OK
KCNMA1_ENST00000639498_kmers_merged_normalized.csv,KCNMA1,ENST00000639498,6,KCNMA1_ENST00000639498-KCNMA1_ENST00000639344-KCNMA1_ENST00000639657-KCNMA1_ENST00000639591-KCNMA1_ENST00000640605-KCNMA1_ENST00000640626,49,0.00,0.00,-0.01,13.02,OK
NOS3_ENST00000297494_kmers_merged_normalized.csv,NOS3,ENST00000297494,1,NOS3_ENST00000297494,301,0.04,26.09,33.22,52.79,OK
PRKCD_ENST00000477794_kmers_merged_normalized.csv,PRKCD,ENST00000477794,1,PRKCD_ENST00000477794,46,0.76,86.02,41.92,25.49,OK
CFLAR_ENST00000441224_kmers_merged_normalized.csv,CFLAR,ENST00000441224,1,CFLAR_ENST00000441224,130,2.82,907.96,70.89,14.36,OK
IKZF1_ENST00000645066_kmers_merged_normalized.csv,IKZF1,ENST00000645066,2,IKZF1_ENST00000645066-IKZF1_ENST00000698573,30,0.27,20.31,85.57,31.03,OK
GBA1_ENST00000570868_kmers_merged_normalized.csv,GBA1,ENST00000570868,2,GBA1_ENST00000460156-GBA1_ENST00000570868,354,0.99,863.11,52.54,5.62,OK
CTSB_ENST00000677671_kmers_merged_normalized.csv,CTSB,ENST00000677671,2,CTSB_ENST00000710714-CTSB_ENST00000677671,43,0.00,0.00,54.46,2.01,OK
CTSL_ENST00000677262_kmers_merged_normalized.csv,CTSL,ENST00000677262,1,CTSL_ENST00000677262,9,0.00,0.00,N/A,N/A,Fit Failed - Optimal parameters not found: Number of calls to function has reached maxfev = 1000.
ELN_ENST00000692049_kmers_merged_normalized.csv,ELN,ENST00000692049,1,ELN_ENST00000692049,134,0.00,0.00,66.88,9.80,OK
DLC1_ENST00000515225_kmers_merged_normalized.csv,DLC1,ENST00000515225,2,DLC1_ENST00000358919-DLC1_ENST00000515225,346,3.84,3290.92,74.03,16.07,OK
MFN2_ENST00000675053_kmers_merged_normalized.csv,MFN2,ENST00000675053,1,MFN2_ENST00000675053,46,0.00,0.00,N/A,N/A,Fit Failed - Optimal parameters not found: Number of calls to function has reached maxfev = 1000.
CD247_ENST00000700165_kmers_merged_normalized.csv,CD247,ENST00000700165,4,CD247_ENST00000700165-CD247_ENST00000700155-CD247_ENST00000700159-CD247_ENST00000700138,46,0.00,0.00,0.02,23.96,OK
PRKCZ_ENST00000503672_kmers_merged_normalized.csv,PRKCZ,ENST00000503672,1,PRKCZ_ENST00000503672,634,1.72,2698.93,39.43,15.47,OK
PIK3R1_ENST00000697555_kmers_merged_normalized.csv,PIK3R1,ENST00000697555,1,PIK3R1_ENST00000697555,431,3.36,3581.16,38.61,4.13,OK
PABPC1_ENST00000521067_kmers_merged_normalized.csv,PABPC1,ENST00000521067,1,PABPC1_ENST00000521067,47,0.00,0.00,N/A,N/A,Fit Failed - Optimal parameters not found: Number of calls to function has reached maxfev = 1000.
CDK5_ENST00000469108_kmers_merged_normalized.csv,CDK5,ENST00000469108,1,CDK5_ENST00000469108,315,0.16,125.07,45.27,18.95,OK
THRB_ENST00000646209_kmers_merged_normalized.csv,THRB,ENST00000646209,2,THRB_ENST00000396671-THRB_ENST00000646209,1061,0.07,172.49,40.77,11.24,OK
SERPINA1_ENST00000553327_kmers_merged_normalized.csv,SERPINA1,ENST00000553327,4,SERPINA1_ENST00000437397-SERPINA1_ENST00000631256-SERPINA1_ENST00000620666-SERPINA1_ENST00000553327,46,0.88,100.28,60.45,3.65,OK
CTSB_ENST00000679121_kmers_merged_normalized.csv,CTSB,ENST00000679121,3,CTSB_ENST00000505496-CTSB_ENST00000526195-CTSB_ENST00000679121,23,0.00,0.00,60.76,6.69,OK
TNF_ENST00000443707_kmers_merged_normalized.csv,TNF,ENST00000443707,7,TNF_ENST00000376122-TNF_ENST00000383496-TNF_ENST00000448781-TNF_ENST00000412275-TNF_ENST00000420425-TNF_ENST00000443707-TNF_ENST00000449264,224,0.11,61.73,57.75,2.83,OK
MC1R_ENST00000555427_kmers_merged_normalized.csv,MC1R,ENST00000555427,1,MC1R_ENST00000555427,49,0.00,0.00,61.62,1.45,OK
KCNN4_ENST00000601549_kmers_merged_normalized.csv,KCNN4,ENST00000601549,1,KCNN4_ENST00000601549,222,1.26,690.51,56.17,7.18,OK
MX1_ENST00000441677_kmers_merged_normalized.csv,MX1,ENST00000441677,1,MX1_ENST00000441677,147,0.29,104.13,65.98,2.57,OK
SCARB1_ENST00000680982_kmers_merged_normalized.csv,SCARB1,ENST00000680982,1,SCARB1_ENST00000680982,163,0.91,368.14,50.74,6.75,OK
FADS1_ENST00000350997_kmers_merged_normalized.csv,FADS1,ENST00000350997,1,FADS1_ENST00000350997,2605,0.51,3268.53,42.78,13.11,OK
CRYAB_ENST00000528961_kmers_merged_normalized.csv,CRYAB,ENST00000528961,1,CRYAB_ENST00000528961,46,0.00,0.00,N/A,N/A,Insufficient Data
AHR_ENST00000242057_kmers_merged_normalized.csv,AHR,ENST00000242057,1,AHR_ENST00000242057,31,14.62,1121.00,N/A,N/A,Insufficient Data
PLA2G6_ENST00000664587_kmers_merged_normalized.csv,PLA2G6,ENST00000664587,1,PLA2G6_ENST00000664587,49,0.00,0.00,53.99,1.49,OK
HNRNPK_ENST00000492865_kmers_merged_normalized.csv,HNRNPK,ENST00000492865,1,HNRNPK_ENST00000492865,232,4.38,2514.00,N/A,N/A,Fit Failed - Optimal parameters not found: Number of calls to function has reached maxfev = 1000.
VASP_ENST00000592139_kmers_merged_normalized.csv,VASP,ENST00000592139,1,VASP_ENST00000592139,39,0.00,0.00,70.03,4.58,OK
CFTR_ENST00000693465_kmers_merged_normalized.csv,CFTR,ENST00000693465,1,CFTR_ENST00000693465,145,1.73,621.22,39.88,3.11,OK
SLC3A2_ENST00000541425_kmers_merged_normalized.csv,SLC3A2,ENST00000541425,6,SLC3A2_ENST00000535768-SLC3A2_ENST00000541425-SLC3A2_ENST00000538682-SLC3A2_ENST00000680002-SLC3A2_ENST00000700482-SLC3A2_ENST00000679908,81,0.08,17.00,N/A,N/A,Fit Failed - Optimal parameters not found: Number of calls to function has reached maxfev = 1000.
HMGCR_ENST00000511206_kmers_merged_normalized.csv,HMGCR,ENST00000511206,1,HMGCR_ENST00000511206,287,0.82,582.57,46.38,5.50,OK
MS4A1_ENST00000532491_kmers_merged_normalized.csv,MS4A1,ENST00000532491,1,MS4A1_ENST00000532491,209,0.21,107.34,45.87,7.40,OK
HSF1_ENST00000534314_kmers_merged_normalized.csv,HSF1,ENST00000534314,2,HSF1_ENST00000534314-HSF1_ENST00000643951,49,0.79,96.29,51.38,2.15,OK
MLH1_ENST00000673897_kmers_merged_normalized.csv,MLH1,ENST00000673897,2,MLH1_ENST00000673897-MLH1_ENST00000536378,47,0.00,0.00,-47.33,19.10,OK
PLP1_ENST00000619236_kmers_merged_normalized.csv,PLP1,ENST00000619236,2,PLP1_ENST00000621218-PLP1_ENST00000619236,3,0.00,0.00,N/A,N/A,Insufficient Data
ADD1_ENST00000536424_kmers_merged_normalized.csv,ADD1,ENST00000536424,1,ADD1_ENST00000536424,47,0.00,0.00,52.10,2.64,OK
CYP3A5_ENST00000469622_kmers_merged_normalized.csv,CYP3A5,ENST00000469622,1,CYP3A5_ENST00000469622,66,1.49,242.50,37.92,2.93,OK
DDB1_ENST00000681580_kmers_merged_normalized.csv,DDB1,ENST00000681580,4,DDB1_ENST00000538470-DDB1_ENST00000681815-DDB1_ENST00000681580-DDB1_ENST00000680345,142,0.29,103.27,43.83,10.73,OK
HP_ENST00000562488_kmers_merged_normalized.csv,HP,ENST00000562488,2,HP_ENST00000565807-HP_ENST00000562488,153,0.00,0.00,47.83,3.82,OK
AGER_ENST00000448768_kmers_merged_normalized.csv,AGER,ENST00000448768,2,AGER_ENST00000424145-AGER_ENST00000448768,6,0.00,0.00,N/A,N/A,Insufficient Data
PPIA_ENST00000678643_kmers_merged_normalized.csv,PPIA,ENST00000678643,1,PPIA_ENST00000678643,1180,34.31,100167.42,45.71,12.89,OK
DNMT1_ENST00000678851_kmers_merged_normalized.csv,DNMT1,ENST00000678851,1,DNMT1_ENST00000678851,106,1.63,427.01,49.94,9.41,OK
BTK_ENST00000695630_kmers_merged_normalized.csv,BTK,ENST00000695630,1,BTK_ENST00000695630,47,0.00,0.00,N/A,N/A,Fit Failed - Optimal parameters not found: Number of calls to function has reached maxfev = 1000.
RPA1_ENST00000571058_kmers_merged_normalized.csv,RPA1,ENST00000571058,1,RPA1_ENST00000571058,198,0.00,0.00,77.81,15.03,OK
REN_ENST00000638118_kmers_merged_normalized.csv,REN,ENST00000638118,1,REN_ENST00000638118,286,0.00,0.00,47.98,4.63,OK
BUB1B_ENST00000558151_kmers_merged_normalized.csv,BUB1B,ENST00000558151,1,BUB1B_ENST00000558151,76,0.07,12.52,37.67,3.09,OK
ATG5_ENST00000636437_kmers_merged_normalized.csv,ATG5,ENST00000636437,1,ATG5_ENST00000636437,1196,0.00,0.00,36.23,14.68,OK
AKT1_ENST00000554826_kmers_merged_normalized.csv,AKT1,ENST00000554826,4,AKT1_ENST00000557552-AKT1_ENST00000554826-AKT1_ENST00000553506-AKT1_ENST00000610370,378,5.01,4689.22,67.16,5.34,OK
C4B_ENST00000496668_kmers_merged_normalized.csv,C4B,ENST00000496668,8,C4A_ENST00000492958-C4B_ENST00000478388-C4A_ENST00000471624-C4B_ENST00000464996-C4A_ENST00000478025-C4A_ENST00000490545-C4B_ENST00000485815-C4B_ENST00000496668,190,0.10,49.17,62.46,5.66,OK
CD34_ENST00000356522_kmers_merged_normalized.csv,CD34,ENST00000356522,1,CD34_ENST00000356522,518,0.20,255.28,59.83,7.91,OK
BECN1_ENST00000589663_kmers_merged_normalized.csv,BECN1,ENST00000589663,1,BECN1_ENST00000589663,48,0.01,1.00,N/A,N/A,Fit Failed - Optimal parameters not found: Number of calls to function has reached maxfev = 1000.
NCAM1_ENST00000613217_kmers_merged_normalized.csv,NCAM1,ENST00000613217,1,NCAM1_ENST00000613217,48,0.00,0.00,41.54,2.79,OK
IGF2BP1_ENST00000510023_kmers_merged_normalized.csv,IGF2BP1,ENST00000510023,1,IGF2BP1_ENST00000510023,257,0.00,0.00,42.33,6.20,OK
HNF1B_ENST00000619478_kmers_merged_normalized.csv,HNF1B,ENST00000619478,1,HNF1B_ENST00000619478,109,0.00,0.00,50.86,14.26,OK
DDR1_ENST00000485023_kmers_merged_normalized.csv,DDR1,ENST00000485023,6,DDR1_ENST00000484230-DDR1_ENST00000460152-DDR1_ENST00000469592-DDR1_ENST00000474440-DDR1_ENST00000485023-DDR1_ENST00000482978,93,1.09,250.34,61.79,1.94,OK
SMN1_ENST00000510679_kmers_merged_normalized.csv,SMN1,ENST00000510679,1,SMN1_ENST00000510679,84,0.00,0.00,N/A,N/A,Insufficient Data
VTCN1_ENST00000369458_kmers_merged_normalized.csv,VTCN1,ENST00000369458,2,VTCN1_ENST00000369458-VTCN1_ENST00000359008,1,0.00,0.00,N/A,N/A,Insufficient Data
TSC2_ENST00000643120_kmers_merged_normalized.csv,TSC2,ENST00000643120,3,TSC2_ENST00000461648-TSC2_ENST00000643120-TSC2_ENST00000568692,168,12.39,5149.35,9.58,21.50,OK
ADH1B_ENST00000504498_kmers_merged_normalized.csv,ADH1B,ENST00000504498,2,ADH1B_ENST00000504498-ADH1B_ENST00000632775,379,0.97,911.02,48.65,4.60,OK
IDO1_ENST00000523779_kmers_merged_normalized.csv,IDO1,ENST00000523779,3,IDO1_ENST00000522495-IDO1_ENST00000523779-IDO1_ENST00000518237,1,2.02,5.00,N/A,N/A,Insufficient Data
ROS1_ENST00000368508_kmers_merged_normalized.csv,ROS1,ENST00000368508,1,ROS1_ENST00000368508,191,0.28,130.49,44.96,6.97,OK
MED12_ENST00000685655_kmers_merged_normalized.csv,MED12,ENST00000685655,1,MED12_ENST00000685655,47,0.00,0.00,37.87,3.79,OK
OGT_ENST00000373701_kmers_merged_normalized.csv,OGT,ENST00000373701,6,OGT_ENST00000373701-OGT_ENST00000488174-OGT_ENST00000699784-OGT_ENST00000699783-OGT_ENST00000699750-OGT_ENST00000699782,47,3.16,367.00,N/A,N/A,Fit Failed - Optimal parameters not found: Number of calls to function has reached maxfev = 1000.
KDR_ENST00000263923_kmers_merged_normalized.csv,KDR,ENST00000263923,1,KDR_ENST00000263923,352,1.81,1576.13,65.72,5.22,OK
TRPV4_ENST00000418703_kmers_merged_normalized.csv,TRPV4,ENST00000418703,1,TRPV4_ENST00000418703,63,0.00,0.00,64.53,4.18,OK
UMOD_ENST00000396138_kmers_merged_normalized.csv,UMOD,ENST00000396138,1,UMOD_ENST00000396138,6,0.00,0.00,N/A,N/A,Insufficient Data
TRPM7_ENST00000561443_kmers_merged_normalized.csv,TRPM7,ENST00000561443,1,TRPM7_ENST00000561443,5,0.00,0.00,N/A,N/A,Insufficient Data
CTSL_ENST00000342020_kmers_merged_normalized.csv,CTSL,ENST00000342020,1,CTSL_ENST00000342020,47,0.00,0.00,47.38,3.84,OK
DDB1_ENST00000451943_kmers_merged_normalized.csv,DDB1,ENST00000451943,3,DDB1_ENST00000451943-DDB1_ENST00000681815-DDB1_ENST00000680345,161,2.10,836.42,54.68,6.60,OK
TFRC_ENST00000698278_kmers_merged_normalized.csv,TFRC,ENST00000698278,2,TFRC_ENST00000698279-TFRC_ENST00000698278,110,2.75,749.46,30.39,6.88,OK
TCF7L2_ENST00000355717_kmers_merged_normalized.csv,TCF7L2,ENST00000355717,2,TCF7L2_ENST00000355717-TCF7L2_ENST00000346198,188,7.46,3467.67,50.98,9.45,OK
ACTB_ENST00000480301_kmers_merged_normalized.csv,ACTB,ENST00000480301,2,ACTB_ENST00000477812-ACTB_ENST00000480301,178,13.86,6103.24,72.16,7.50,OK
GLA_ENST00000674127_kmers_merged_normalized.csv,GLA,ENST00000674127,2,GLA_ENST00000493905-GLA_ENST00000674127,96,0.61,144.53,41.40,3.94,OK
ACTN3_ENST00000513398_kmers_merged_normalized.csv,ACTN3,ENST00000513398,1,ACTN3_ENST00000513398,69,0.00,0.00,59.52,2.91,OK
CHRNA7_ENST00000635883_kmers_merged_normalized.csv,CHRNA7,ENST00000635883,1,CHRNA7_ENST00000635883,46,0.00,0.00,48.51,3.46,OK
TNFSF12_ENST00000650738_kmers_merged_normalized.csv,TNFSF12,ENST00000650738,2,TNFSF12_ENST00000650738-TNFSF12_ENST00000700051,196,0.00,0.00,57.23,4.50,OK
B2M_ENST00000623550_kmers_merged_normalized.csv,B2M,ENST00000623550,1,B2M_ENST00000623550,47,16.19,1882.03,25.08,5.19,OK
DNMT3B_ENST00000696234_kmers_merged_normalized.csv,DNMT3B,ENST00000696234,1,DNMT3B_ENST00000696234,492,0.00,0.00,N/A,N/A,Fit Failed - Optimal parameters not found: Number of calls to function has reached maxfev = 1000.
C4B_ENST00000487749_kmers_merged_normalized.csv,C4B,ENST00000487749,8,C4A_ENST00000491185-C4A_ENST00000460841-C4B_ENST00000472275-C4B_ENST00000487749-C4B_ENST00000461632-C4B_ENST00000466356-C4A_ENST00000471317-C4A_ENST00000467619,139,1.07,369.23,53.70,10.93,OK
COL4A1_ENST00000648989_kmers_merged_normalized.csv,COL4A1,ENST00000648989,1,COL4A1_ENST00000648989,164,0.33,134.00,56.81,10.23,OK
NCOA1_ENST00000496333_kmers_merged_normalized.csv,NCOA1,ENST00000496333,1,NCOA1_ENST00000496333,66,0.22,36.41,20.49,11.74,OK
MUC4_ENST00000625485_kmers_merged_normalized.csv,MUC4,ENST00000625485,13,MUC4_ENST00000625485-MUC4_ENST00000629076-MUC4_ENST00000618077-MUC4_ENST00000628685-MUC4_ENST00000627062-MUC4_ENST00000631360-MUC4_ENST00000627557-MUC4_ENST00000628330-MUC4_ENST00000625238-MUC4_ENST00000629001-MUC4_ENST00000627791-MUC4_ENST00000629594-MUC4_ENST00000626248,26,69.05,4441.00,N/A,N/A,Fit Failed - Optimal parameters not found: Number of calls to function has reached maxfev = 1000.
FANCA_ENST00000696293_kmers_merged_normalized.csv,FANCA,ENST00000696293,1,FANCA_ENST00000696293,44,0.00,0.00,38.10,1.98,OK
DDR1_ENST00000465966_kmers_merged_normalized.csv,DDR1,ENST00000465966,9,DDR1_ENST00000465966-DDR1_ENST00000482283-DDR1_ENST00000482588-DDR1_ENST00000492995-DDR1_ENST00000446312-DDR1_ENST00000513514-DDR1_ENST00000552434-DDR1_ENST00000548693-DDR1_ENST00000550666,24,0.45,27.00,N/A,N/A,Insufficient Data
DAPK1_ENST00000496522_kmers_merged_normalized.csv,DAPK1,ENST00000496522,2,DAPK1_ENST00000496522-DAPK1_ENST00000622514,76,0.00,0.00,65.51,2.39,OK
LTA_ENST00000456789_kmers_merged_normalized.csv,LTA,ENST00000456789,6,LTA_ENST00000400272-LTA_ENST00000426845-LTA_ENST00000432632-LTA_ENST00000436519-LTA_ENST00000456789-LTA_ENST00000454783,25,0.00,0.00,57.01,10.86,OK
ATG16L1_ENST00000444735_kmers_merged_normalized.csv,ATG16L1,ENST00000444735,4,ATG16L1_ENST00000392018-ATG16L1_ENST00000444735-ATG16L1_ENST00000627513-ATG16L1_ENST00000626639,98,0.14,34.25,46.77,6.72,OK
NLRP3_ENST00000697350_kmers_merged_normalized.csv,NLRP3,ENST00000697350,2,NLRP3_ENST00000391828-NLRP3_ENST00000697350,58,0.36,52.24,51.76,2.81,OK
TNNI3_ENST00000590463_kmers_merged_normalized.csv,TNNI3,ENST00000590463,1,TNNI3_ENST00000590463,61,0.00,0.00,67.84,6.07,OK
TUG1_ENST00000646496_kmers_merged_normalized.csv,TUG1,ENST00000646496,2,TUG1_ENST00000602971-TUG1_ENST00000646496,47,0.00,0.00,N/A,N/A,Fit Failed - Optimal parameters not found: Number of calls to function has reached maxfev = 1000.
DDR1_ENST00000513749_kmers_merged_normalized.csv,DDR1,ENST00000513749,2,DDR1_ENST00000503628-DDR1_ENST00000513749,47,0.42,48.89,51.35,1.51,OK
KDM1A_ENST00000688943_kmers_merged_normalized.csv,KDM1A,ENST00000688943,1,KDM1A_ENST00000688943,765,0.77,1456.34,39.81,5.62,OK
ANGPT2_ENST00000523120_kmers_merged_normalized.csv,ANGPT2,ENST00000523120,1,ANGPT2_ENST00000523120,1358,0.27,903.44,37.49,24.41,OK
ITGAL_ENST00000356798_kmers_merged_normalized.csv,ITGAL,ENST00000356798,2,ITGAL_ENST00000356798-ITGAL_ENST00000677830,48,2.17,258.15,63.56,1.11,OK
SLC16A1_ENST00000458229_kmers_merged_normalized.csv,SLC16A1,ENST00000458229,1,SLC16A1_ENST00000458229,48,0.37,43.67,68.06,13.67,OK
ATG5_ENST00000613993_kmers_merged_normalized.csv,ATG5,ENST00000613993,1,ATG5_ENST00000613993,45,0.31,34.97,40.06,1.94,OK
VCAN_ENST00000503923_kmers_merged_normalized.csv,VCAN,ENST00000503923,1,VCAN_ENST00000503923,72,0.07,11.82,57.22,4.01,OK
GRIN2B_ENST00000636855_kmers_merged_normalized.csv,GRIN2B,ENST00000636855,1,GRIN2B_ENST00000636855,51,0.00,0.00,N/A,N/A,Fit Failed - Optimal parameters not found: Number of calls to function has reached maxfev = 1000.
DYSF_ENST00000475076_kmers_merged_normalized.csv,DYSF,ENST00000475076,3,DYSF_ENST00000475076-DYSF_ENST00000698059-DYSF_ENST00000698058,174,0.00,0.00,53.75,4.71,OK
TCF3_ENST00000610756_kmers_merged_normalized.csv,TCF3,ENST00000610756,1,TCF3_ENST00000610756,58,26146.09,3751515.74,-42.92,24.40,OK
PKD1_ENST00000485120_kmers_merged_normalized.csv,PKD1,ENST00000485120,1,PKD1_ENST00000485120,81,0.71,142.01,65.47,4.21,OK
HDAC6_ENST00000697553_kmers_merged_normalized.csv,HDAC6,ENST00000697553,6,HDAC6_ENST00000441703-HDAC6_ENST00000643374-HDAC6_ENST00000643659-HDAC6_ENST00000697328-HDAC6_ENST00000697553-HDAC6_ENST00000697552,4,0.40,4.00,N/A,N/A,Insufficient Data
CTSB_ENST00000678615_kmers_merged_normalized.csv,CTSB,ENST00000678615,1,CTSB_ENST00000678615,50,0.00,0.00,N/A,N/A,Fit Failed - Optimal parameters not found: Number of calls to function has reached maxfev = 1000.
FAS_ENST00000696744_kmers_merged_normalized.csv,FAS,ENST00000696744,2,FAS_ENST00000696744-FAS_ENST00000696769,45,0.00,0.00,46.59,26.42,OK
CDC42_ENST00000651171_kmers_merged_normalized.csv,CDC42,ENST00000651171,1,CDC42_ENST00000651171,116,2.78,797.22,54.53,4.25,OK
PROM1_ENST00000508167_kmers_merged_normalized.csv,PROM1,ENST00000508167,1,PROM1_ENST00000508167,28,0.18,12.63,74.98,3.47,OK
CSF1_ENST00000369802_kmers_merged_normalized.csv,CSF1,ENST00000369802,1,CSF1_ENST00000369802,681,0.60,1009.06,45.97,10.31,OK
VEGFA_ENST00000512683_kmers_merged_normalized.csv,VEGFA,ENST00000512683,1,VEGFA_ENST00000512683,103,0.39,99.09,58.76,3.68,OK
FGFR1_ENST00000674217_kmers_merged_normalized.csv,FGFR1,ENST00000674217,1,FGFR1_ENST00000674217,93,0.00,0.00,N/A,N/A,Fit Failed - Optimal parameters not found: Number of calls to function has reached maxfev = 1000.
